K,c_exponent,idio_std,mse_d_combined,mse_bc,mse_flow,mse_path
2.875795455881785,7.1828740524384855,0.004417165124175529,0.001120761526571149,0.24569756282285754,0.004764178801037961,2930.8020233413054
13.805371949849915,0.9215478654551948,0.02284029484188123,0.0001971796569698773,0.012371676472511035,0.0008286342511671087,313.3408194952858
16.974947840520848,1.474139565341304,0.04730985225100708,0.0006473666199803963,0.005341769939335891,0.002576580423255353,777.7905982993258
15.974467247896065,8.122498782471691,0.04371567685697992,0.0012426732363375228,0.021280698853856077,0.004773493514767705,1515.4685356297084
19.625418637489673,3.8243618740691963,0.04799590065732127,0.001755362174197725,0.018648053747465754,0.006970971049706891,2153.781866982612
4.147325086417103,2.079599600475352,0.04058410757601061,0.000120902413406921,0.022126574338940053,0.0005795404087066919,297.89484181704285
2.470610948159579,8.908968942797244,0.017280658278804834,0.0006070471348599623,0.14952015835513877,0.0026553507295174338,1702.4320197744246
18.779277235493016,9.854258136120821,0.009183631637634238,0.0022656321218677347,0.1571872330076273,0.008865948084565152,3580.490913079585
10.248615365763712,8.605710126469024,0.01752032922757687,0.0014861994498891451,0.18307473776444463,0.006089174890646963,2925.074390035591
16.200728257126503,1.3799747022948667,0.023933245805400398,0.0009242784342619629,0.03747175675433244,0.0037763852434895104,1342.7279355636283
1.5058390242383042,7.750610492944397,0.05290405861240735,0.00014585703766378794,0.04388087826932903,0.0007337637967314598,468.98524311863014
17.274583443072625,7.026018267872962,0.021613391458684045,0.0021576814503495583,0.06290439064734835,0.008480947428512884,2885.823583803654
18.841538256364394,0.939099731147369,0.03652578286511716,0.00038063802265064003,0.003969696170217267,0.0015164333814715486,460.204349138493
3.5704037825250547,1.7811409332161345,0.01665601941185304,0.00036643882306750404,0.0726274490341174,0.0016205496952149691,924.6200773355122
16.86141659885241,6.174579686715364,0.013461788957937676,0.002513652078456967,0.10883935716104846,0.009896728768908477,3594.478654417535
15.71016957462382,8.228684005722865,0.02960046391692705,0.0018259299439314656,0.04146261157867592,0.007118277857481525,2344.651388759365
6.506807416943869,5.424179761194585,0.018489122399716333,0.0008446003695642412,0.14859912181282495,0.0035569541880496993,1965.2445505858886
17.900903961166268,2.3833467996145963,0.05869508897189298,0.00044982216929161486,0.005585727662609271,0.0017689095068204425,522.2871253681585
16.491227551699268,8.971144690128998,0.029030859954735387,0.0017983973255818117,0.043853131933938146,0.007033074013091825,2334.000288063605
12.673739677729083,9.121617798029119,0.006539861486474399,0.0038251749242967236,0.1963960837410974,0.015176392846428776,5712.310004501496
8.242627030086783,3.441228252154324,0.053263291140616946,0.0003364549384728315,0.01999956106967638,0.0013973411256452772,518.7310199505648
8.3499473693325,3.7433247734764405,0.0072927046044011495,0.0010997595219429893,0.23919196330824416,0.004567691284760074,2830.391651477973
6.654418413129208,4.301099850900377,0.01842091700014711,0.000794557650139289,0.13765370461062792,0.00335335714821929,1837.891846836093
12.471991179376332,5.257046945120745,0.05965459576273799,0.0006348211089370562,0.014125487098879856,0.0025459953521980512,812.2617440825176
4.3652656681208,7.473862780619876,0.027255012293984856,0.0005576168552682221,0.10664819600758176,0.0024294341120138694,1368.1075835141837
5.771841312255736,6.568215944411707,0.04713857861238223,0.000395617333633173,0.045707469663800786,0.001728725951754981,778.3353258393547
9.779940140352364,8.509259142353127,0.019554587996253623,0.0013836140920279291,0.16587673087915625,0.005685746904412192,2698.035852772617
3.6030979375714707,6.835943068956262,0.028755277287315768,0.0004590687358332634,0.09523675433799064,0.002033911953312219,1179.8773064492927
14.474243077724486,1.322044812136014,0.04327808514039721,0.0003760982882090293,0.006508041380205776,0.0014980607047454142,468.2966930055198
1.0405817319086916,6.406816279967663,0.0035099762161849954,0.000673857689396906,0.14807171878524755,0.0029989234278523015,1799.1708947197155
8.412757890712268,5.402609402391432,0.042770264656014086,0.0007551723688152044,0.05238425780832862,0.0031660489809349664,1245.0063300947133
15.06518167657067,2.7613572942387394,0.0019490491988059062,0.0046310942334405825,0.24954171049678783,0.018668867816174713,7091.518867887979
8.214346967535164,4.0345200525373635,0.04738698760442498,0.0005002290535699212,0.032511381873964997,0.002093083769689917,803.6848502450569
12.102749794553365,4.157880229447651,0.04357057999548256,0.0021009053773412847,0.03599090114352686,0.008646659776623282,2774.4910006940586
12.977528538008706,2.363452926964114,0.02928859662786951,0.0012816344102576543,0.05910934634223935,0.005243820416726319,1910.5607388342444
11.961520492510356,6.343587696249484,0.023664139956714222,0.0015564573354797393,0.10996973856587317,0.006163477366437182,2492.372045957377
15.400460592974838,0.7900918822825254,0.03691750395686001,7.186887318050473e-05,0.0018241963790290895,0.00027692004979275146,80.6089306488207
9.168922116125685,5.464334824316291,0.012798112975916216,0.001151663272323825,0.20252082062318835,0.004759096439507924,2654.5070749829542
9.597197861910455,6.266257584258021,0.027558365701945954,0.0011856464491454216,0.1093714781087997,0.004905895419819609,2115.845357127271
2.5934888651244856,2.5360149716873646,0.041112130578965476,0.00012866136621198643,0.030023130557254994,0.0006346504909522878,362.1107591760483
3.3809162208054433,5.906824324092991,0.05540200467446748,0.00015282862653148133,0.030770105358150925,0.0007318029287577548,389.2950347401094
16.67263518999532,5.112081572729752,0.03672548226573687,0.0010133140451795118,0.02275743726335984,0.0038651411750679813,1258.9368783867278
14.49425150381495,7.734708480860071,0.0034633025447114362,0.0037739317479841186,0.2141451633109025,0.0149778542448173,5760.76408380235
7.525043431233712,7.575863661768557,0.017926617320743556,0.0010448418003836228,0.16948996096441435,0.004351016444266213,2328.33328596526
2.4892309905153143,8.982350956911882,0.020081966296697114,0.0005671410078834963,0.1349491215832192,0.0024888790332509747,1562.0010702728532
5.2783099389781265,7.229455701551553,0.005292072237434469,0.0014176784532810179,0.2757081122971982,0.005904460031139155,3455.5023285898415
19.241555049577496,3.152981316189258,0.005536791841758488,0.0031786290521635023,0.15429175502900372,0.012552737044625726,4670.693832698468
18.381430880338698,2.782882467042774,0.023166834122493988,0.0014062251878460066,0.03883901809067583,0.005487436882831613,1850.4599747635448
12.498552607203571,2.1167107797284164,0.02848891810714895,0.0009812149502909026,0.05334028614548047,0.004035373574239286,1515.4184888078244
13.508737161353103,4.425107703289947,0.04468008312973718,0.0015136141413961673,0.031619257679433674,0.006149231140811172,2000.531585780621
7.193621726689323,6.117064123002592,0.04830872165561446,0.0005117611856845647,0.04190503788941626,0.002169747060793903,883.9116573119135
17.923200646099207,8.34179686712661,0.05425308705566215,0.0017717067478813452,0.020496452773773433,0.0069899381413617845,2161.734199948042
6.740135545776201,9.503590475057036,0.007623956161142708,0.0014488371009626715,0.269177554378621,0.006005920097855272,3441.8796857742163
9.547740362239187,2.8677653603420934,0.03162928666078092,0.0007458513304412565,0.05967927876966956,0.0031244660695718494,1283.5009511265523
12.419423717220328,6.637447215883215,0.003268468439803984,0.0033552978345650977,0.234829887839409,0.013348013284332152,5407.235188130138
4.902263420216668,1.8058731010754847,0.014232151815905661,0.0004747517435200714,0.0924864109301657,0.002054506454215452,1177.0214296735267
11.682510327435969,7.995296576394671,0.012641373103746443,0.0016175065256979692,0.19954538755458756,0.006407198721575629,3120.273797917538
1.988193140769885,2.7359970726380136,0.028944439939286665,0.0002289320440948336,0.05476382864413416,0.0010708303127501717,646.5168215183564
3.284556271390445,4.911565627435886,0.056263189050142576,0.0001271685923803541,0.026814985913399435,0.000615557107068588,330.91703531439225
14.681580281992437,8.747411423032926,0.05589970667661039,0.0016879894264778064,0.021898281133269505,0.006675472286097791,2085.5783420859557
1.6512933464371882,3.8013042119338802,0.009361332906285675,0.0006264846496261841,0.13643292156292364,0.0027434347394116364,1652.4029798112954
2.8365376497260324,3.71642224780356,0.03201428775440369,0.00029517542128875476,0.06193703853514209,0.0013532582742779896,773.0925203287277
1.4789688236220146,2.211705140441895,0.042469754709429076,9.055195697125767e-05,0.03057924420913511,0.0004619825884518761,314.5530630891659
8.844023235232802,7.013311534315076,0.0010559293746630909,0.0015773464115127788,0.3452166766505983,0.006550444183848936,4074.472778005488
1.170109480358993,4.355310222835321,0.04784813076221105,0.0001247719704967242,0.043708626490795946,0.0006300818627916465,440.28168613226717
1.0162869671826806,8.061878231229379,0.030644827394255406,0.0002662745897450885,0.08052986880733722,0.0012575685758212992,855.5801776843846
13.578825902874076,4.326792469461902,0.0016702775669186457,0.00413980288856299,0.20833587872599965,0.0164270203553964,6160.708530194188
14.900874706802345,2.6152219939555796,0.0187949773269821,0.002381048700727508,0.10507149022174314,0.0096797161942114,3518.1770710165288
13.10004786008432,0.7735574556487871,0.058706434075011325,4.500613193693486e-05,0.0009890400848285522,0.00013362853320288126,28.40907801858321
12.055253919909863,3.2265005163504865,0.012004196497444646,0.0013357566592494038,0.18227872432515865,0.005473925321668925,2742.956539650527
12.963265383861962,3.8556267320960944,0.05196857833118231,0.002122477121206902,0.021935901368845337,0.008740209227922756,2712.7471517367158
6.406416527176519,1.8283324101515697,0.05664937917841375,8.04365464458916e-05,0.0072482320389785065,0.0003341350237950349,131.04335844875902
5.412806140017413,8.77502629360175,0.03322431061183038,0.0005997998254355084,0.09041793985266043,0.002593578559886239,1314.4322409071883
11.040895149525923,8.823608844757876,0.026472966444932227,0.0016873266391938518,0.11486815695271337,0.0066990709438447486,2681.460239631443
2.251204609597436,6.502663801182186,0.022963475193267014,0.0004680173923393101,0.10905644370743721,0.00208175446252573,1280.855247793486
12.869905340784797,1.0985651378178218,0.03225070187688881,0.00019102927556695972,0.008545765282194645,0.0007877141014852915,274.9647151178856
17.618398129366366,6.78295766963093,0.02133011617613462,0.002247061113480346,0.06353780872191951,0.008848259941911279,2999.336952385561
13.066506497503044,2.485358072649654,0.03146881944356973,0.00141828507423854,0.05493693220849028,0.005787966167280395,2046.1617713907908
5.594475671930111,2.3510035884368534,0.025638726276219086,0.0004099443876020411,0.06372753430499141,0.0017954124362034739,918.6125249207955
11.875290803431085,9.971711925313544,0.014689333950662596,0.0028643157903765677,0.13347474354534195,0.011339378999612399,4178.123124163376
3.1590481536623227,1.982702636337639,0.007041491789680184,0.0006807900278205352,0.13921166083266776,0.002902574276085273,1720.5999577681443
9.98771210113014,5.1775428527805865,0.050842863829181545,0.001110901541570547,0.03489304473188427,0.004513694625281601,1533.7905011482599
2.2671053995683277,5.91663987550856,0.05810429809086346,0.00011250086384982756,0.030667145790830113,0.0005687678237391265,339.1748139520357
13.242270448249581,8.64374551918064,0.05760158561730011,0.0013174574161595898,0.02356040773839626,0.0052169546011623285,1662.2918286330414
11.298226982694022,7.648157380460549,0.026666706853624007,0.0016822088188717496,0.1102572200919992,0.006679889782579544,2647.7271498065493
7.405940120935858,5.214326950788435,0.02340975584507864,0.0008369010994649775,0.11916109265620287,0.0035264483231108976,1772.1262832429024
17.123080087237273,9.814006062149602,0.013767694827193498,0.0036898943955866285,0.12528267842154905,0.014768544346047208,5146.317215128327
7.333753104459887,9.775863855527826,0.01607741124385867,0.001051511771066837,0.1911270917764678,0.004375798994014524,2469.1739797500095
14.324232297881585,4.957068485868117,0.03739811362193164,0.001799430010740145,0.05395793219753131,0.007154702282857036,2438.1744681556593
10.79972068070946,9.897267991787853,0.024481964518567385,0.001490743118911426,0.11759458472931479,0.005894621423610644,2457.5523763671604
3.2517135323987985,4.60681435766755,0.0046416060618638165,0.0012052958679985987,0.23629731929810735,0.005077137473419459,2967.6245282674777
14.349256140767862,6.298399041320502,0.042892144257901124,0.0022036645180397796,0.04683865882736788,0.008780036411227805,2875.5506261575883
18.78993595862999,9.421941976776564,0.0040703967323958605,0.003177275518450037,0.1744323888665498,0.012504115955793428,4767.291401313544
15.820988592615612,2.2384301373951887,0.0597930933084471,0.000269456065357473,0.004415120571261705,0.0010151559780200018,296.40620685720637
12.251274168628422,5.544953205632594,0.010810073223550543,0.0015673466303829755,0.2034583875389511,0.006209248822272063,3087.533862764262
19.137340394489648,3.192415439136483,0.02793141703214195,0.0012325817584524573,0.026471797372234773,0.004761912269460244,1553.8700773931173
12.83431397813734,9.523216942084767,0.0014258171096960496,0.0039419870875294066,0.22290337421896014,0.01562633543600625,6005.315905399873
5.101197841490883,1.4409528276988772,0.04944743232623914,5.163889056631113e-05,0.0071753432389704275,0.00022925689297523879,102.4511005735473
16.563897977167123,7.290860293281775,0.04570752250209922,0.0008341365397826791,0.01763035282923797,0.0031571342523999337,1010.9557325629614
12.36451678142164,9.018003041486574,0.05364879379970965,0.001637181171748296,0.030789293203015326,0.0066152509426284185,2128.367910360568
10.351921553173979,4.269916919108454,0.05798925424993326,0.0009155356127120521,0.020791374187694868,0.0036869872439420563,1199.0002022346366
18.566963500683528,1.116188508768996,0.018838537047783894,0.0008509244968495837,0.03821470904247602,0.0034805115281685605,1260.8562837087632
11.619777902007975,9.07254836218808,0.03238835278541744,0.001933510477932047,0.08795009351487364,0.007683581145735909,2806.6406812877894
18.69467891716802,4.657750592639607,0.010157782373664437,0.00271295715015345,0.12465875012593192,0.010706871242659012,3934.7978466593668
11.801384100385103,5.887654650294692,0.04695057114708735,0.0014394605059023355,0.03628158457898633,0.005703593386636521,1894.546602024624
5.327160378066976,0.5622036532922544,0.03400695027657975,1.3380459287881651e-05,0.001763495418592274,5.845935326155392e-05,24.126475496285792
16.344756532704647,5.556603950026919,0.03987339928710777,0.0009302424103043738,0.02030679735698991,0.0035275111108460963,1141.6618011088626
14.585589040190841,4.225922348460278,0.055387850532544795,0.0015661459352164986,0.019252850226689298,0.0062191646988774,1938.6042727254162
7.471546130887046,9.708768336494474,0.058327301649501756,0.0005565428731646128,0.03290741729641455,0.0023163375468374103,865.8632007258202
12.146357651301242,7.447106382933604,0.03895707229176572,0.00163682375568388,0.05984355396474999,0.006485207209552614,2274.001102352132
9.856140244921292,8.40021333152709,0.011677563508375146,0.0012740339504547944,0.23388819669015776,0.005236824491218352,2986.6161634808313
12.66508749837449,7.127896006268398,0.05482175658943124,0.0013614661425288522,0.024961996954701034,0.005494516393130687,1758.4023186652757
17.0440085931664,8.792420125688974,0.02870375049927302,0.0019918722754599934,0.044927186126306175,0.007822257639085976,2575.6673429335515
5.6148055918603905,3.3687692160038414,0.010473866751549325,0.0008386612631062846,0.18286718787968406,0.0035285230265404382,2173.8883631516646
11.99276347413858,6.510725144552239,0.019335862035255526,0.0016237257640191456,0.13695546364593786,0.006431896992660209,2740.032689554073
13.879198775560265,6.936318286588032,0.015092223390324445,0.0022332133378812212,0.10925648522800878,0.00877397913473386,3263.2423071287863
2.9990209028909023,8.936151558656952,0.030744998047829732,0.00042314303493352413,0.09264716200133043,0.0018968033942975467,1121.7827998218384
15.168223699704143,4.478790748739659,0.046229846617479795,0.0016852426574965912,0.029199167714321718,0.006701823675606189,2146.501998385864
4.870811350256567,4.5790606827050775,0.02050352169406279,0.0006353598335469709,0.12297171945884011,0.002728819078649583,1561.3326345546784
5.487757892449933,7.9605068896460836,0.014895804642020428,0.0008614404077830152,0.18770549206328715,0.0036356764997999107,2230.8591084882846
3.7427719038962515,2.9588853290757124,0.04342376256623871,0.00015804573081471888,0.029976919326284355,0.0007525340594810256,395.73615623247304
11.478266299185739,0.5556194913756819,0.030261888812334155,1.6175683586363408e-05,0.0009085846895950064,6.404379599417763e-05,19.010785845234054
19.407961133138567,3.5933689048042585,0.04395488710854563,0.0011551498953342825,0.01604326456838814,0.004494751085782166,1402.6113864143579
5.0619158653213265,8.490410313021785,0.053109430143945625,0.00030379095748139296,0.03906357672752365,0.0013478824149242442,622.3853934759884
6.9951721639391495,3.6397736412249246,0.048832042838074526,0.0003085534201136445,0.026966203241484982,0.00131963117616096,541.728726109657
14.006421207968028,8.459426637057966,0.008864376276947823,0.0025500974730925208,0.15954838650736397,0.010045609398860834,3953.350040999192
18.232246343175298,6.457892298269126,0.03981720712769901,0.0011940951676338027,0.022879998603901056,0.004650012401813204,1489.5774337931505
10.41662695671377,7.892044531682212,0.010774816772479108,0.0019295450897121912,0.21934357099468402,0.007842246989074991,3672.588680326595
11.075622011366413,9.528379393977776,0.05240182733666478,0.0014532261553414924,0.035054221328688066,0.005753014542861449,1898.2849057047463
7.366262226245918,7.780343965654652,0.0050496790135827144,0.0015798334574854765,0.2932948320147986,0.006521984625069114,3745.6886824856424
4.996196138015695,1.6446056648691896,0.010594429965426009,0.0005551045123688807,0.1075687513360551,0.0023754093579614914,1367.124666197663
19.28130698397174,4.987366664471203,0.013368870602865204,0.0035430452661042227,0.10532301555028435,0.014014842279788902,4800.393826240875
1.4275674775469127,5.248353054860824,0.024313748963645306,0.0003458237779825226,0.08843282050869535,0.0015818230385721882,1004.5467467377925
10.52292342828817,8.742158806214466,0.03569932719718095,0.0022893693228032363,0.082319813991897,0.009347018093905497,3269.1701439268945
1.7563984862222757,1.8869069111152172,0.016537895345167652,0.00028719243096626514,0.06707555281503695,0.001300647899462863,795.0168638639377
14.642351700706834,3.21197079256062,0.026153978076668905,0.0015867784291786556,0.07231150127807494,0.006292655825137569,2300.6066584553146
5.401421681793223,5.77085881125883,0.052452907698448833,0.00027174334909598483,0.032905148398011466,0.0011997844223432014,541.551651709108
18.110772497086497,4.775370348471609,0.022644202315407494,0.0017658360414606214,0.04791782476753798,0.006911828426625429,2327.1739169808857
8.75263328115097,9.20509610639732,0.04704616670931997,0.0010561778471515919,0.05531354098923651,0.004354963932976686,1611.4147225626314
4.386237384297363,8.84800166117203,0.008037948983527565,0.001242009942046624,0.24698878694653584,0.005213252417244108,3070.624148259387
15.495925267277833,6.366696492482036,0.019788249793381958,0.0019329748107416898,0.06699843619552955,0.007548588007495945,2634.418254917285
18.663537016938637,4.8780332389692544,0.006128763926309665,0.0028901651552225302,0.17365682245775366,0.01143408609376547,4453.850821901015
5.800467693467847,7.04055075462536,0.03839304030944446,0.0005590614265356686,0.07039810996642515,0.002416411436879183,1137.4196424772547
3.028252243456617,5.071134838233162,0.03927752423059118,0.00028018701059608346,0.05557996011443124,0.001294565242035911,713.7319605212886
9.447628587360434,6.701875887870549,0.05944151944293067,0.0009858804883234038,0.027145609363622786,0.003986080663515022,1325.0849061275997
3.792239040226223,5.0892055116265436,0.04439016127387707,0.0002565234291669922,0.044792055702516015,0.0011848777816176115,613.4157395634895
4.563292236540125,1.8547892599842555,0.01035790606036813,0.0006067213439815305,0.12003008943269676,0.0025910208394674342,1508.2523852495053
13.45657166450689,4.851535089084389,0.05130680420792585,0.0012610954351056872,0.02258870508025152,0.005091960154792684,1626.392757102532
4.665813787318026,9.680017668320646,0.041298590588870226,0.00046478613228786205,0.06801526701282762,0.002048176404552811,1012.2292458679593
4.743914094936187,0.8560927863985268,0.011011576013195898,0.00023789335166736494,0.03248857486540077,0.0010614884437245323,512.3129128930486
3.708958418002525,2.421961891603458,0.05059801974418468,8.464250836507248e-05,0.017239923930082852,0.00041017794619033785,215.2734747280011
2.8099847823655537,8.184061280266839,0.01745351732810647,0.0006278317142311889,0.15088081478363852,0.0027307044381515515,1733.5652209235452
10.046410488827977,6.040634189972842,0.005700555647056212,0.0016500772388953612,0.2925586544520447,0.006804152431735454,3820.955486464004
14.418676550053497,8.36800015855915,0.037220304659789774,0.0015542832805894341,0.03558012175467262,0.0060551630888608975,1991.0033123692504
3.1964674868281,6.94791061058161,0.03300291627163509,0.0003838656928206667,0.08012314410222957,0.0017298297569913919,995.0231456536204
17.73494568474386,5.5123598052735945,0.03532411829411906,0.001095430525770288,0.025670380749160795,0.0042203341744923685,1382.7094773555862
14.280773039905522,6.6595053022734785,0.02551838607263349,0.0017371248463002552,0.0551163902230148,0.006789532665942114,2334.699044214937
9.395144957594834,5.9805301450799275,0.036259365576520035,0.001118710992180185,0.07650326675198675,0.004623937415513945,1827.0026421865753
12.815437898621596,9.035307972637217,0.04668709526048281,0.0026523766098462995,0.049920905567392856,0.010565227879215286,3426.116721925572
3.4548632490582665,6.3274125491568025,0.03436129973504644,0.0003817413598864855,0.07464808634197025,0.0017173134611165588,957.5645505414275
5.850283085818522,9.438038754780791,0.05993771723078273,0.0003148340409144744,0.03022394787284769,0.0013522904102132615,566.1875951057809
14.970496731115437,3.4518890013944743,0.0181482594418502,0.002120200861962512,0.11639160988764145,0.00842625725630957,3210.6470606680505
19.33278539997695,2.3166413966140147,0.016974379471731183,0.0015270490078632098,0.04860662444397455,0.005974938705440228,2058.4455657791837
2.725507694237864,5.281533846709768,0.003914222280505619,0.0011191209380073273,0.23357343897837166,0.004747248004726877,2851.949206344878
16.825261542597268,5.447365506958964,0.014615925784207225,0.0028738536975824566,0.09627618145473937,0.011324721737741262,3942.567386207147
13.18345215566188,7.53825029576289,0.009969679183046823,0.002198371416017588,0.1544203717473511,0.008641422538086646,3503.677369562309
8.62173506827633,7.912982720422791,0.011138403804425778,0.001164132592830519,0.23340697944110889,0.004826177821103738,2864.799223199512
14.228741326359327,6.619107583044932,0.019731100046129234,0.001999781608838229,0.07791953316149501,0.00784289776760213,2790.988736839492
17.111540146204455,0.9848228401447577,0.01596443995359585,0.0005441764784027261,0.03670040643533276,0.0022537306952869,887.0458593133864
18.44307801233716,3.2949437297327666,0.023424641543460228,0.0013391184003464882,0.03520965329419028,0.005186718840885972,1736.0032828497256
1.5470529530058514,6.22821195302885,0.030047739293773135,0.0003025786545842783,0.07847503201985184,0.0014035597429952948,888.0338644683735
10.475210739303817,7.696277404149023,0.04030175424748557,0.0013094656083447826,0.058509032176320454,0.005179258930816184,1876.9784726904313
19.94529142090131,5.292302431662123,0.01828688932107536,0.0036797290990042085,0.07461808151443114,0.014571919071464719,4774.500766633197
3.957032462762005,3.078377389906821,0.056510219529281265,9.382113525467132e-05,0.017300423030032118,0.00044115413918981096,222.6848092668594
12.546565920797958,1.9437389806862868,0.006612800835526709,0.0012293032366898018,0.19637945819812938,0.005060856357015065,2712.7110738450197
4.69503650746935,3.5283310117988855,0.05512375072765473,0.0001324298395029246,0.01999765552376279,0.0006042893523243633,287.06474019778494
17.42674484430677,1.1367942219709124,0.037462058840433674,0.0005765694214399984,0.006915648159062184,0.0023071131798676407,713.1595290203142
17.5765107972071,1.4912180026158364,0.0028573732290756238,0.001612216699978737,0.23501650775853547,0.006550348332174697,3396.519257938934
8.746212791411743,3.099213225726967,0.00590499273420714,0.0011191539623600347,0.24585605454597934,0.004640462487491431,2894.7722658827215
1.892538333454406,2.9093024223930875,0.008223966517023347,0.0006116008486094865,0.13437999172705745,0.002665875911471053,1618.0745885566844
5.868999616132145,4.065995905270555,0.034216048424782756,0.0004836398444866169,0.06478595286916881,0.002101049118663594,1011.9310024530866
9.223413765104514,5.027274814695309,0.01998059825037309,0.0010887075350842238,0.1406601983260077,0.004524676926356281,2200.519353431815
12.579326899666679,7.40211658607869,0.05049295330691347,0.0016583106410080768,0.03298028213861163,0.006716046561965929,2173.847856765147
6.77980205984932,2.2964906911222136,0.02608601968428601,0.0004637121927074769,0.062464423994120825,0.002004963201783365,972.7425342836492
17.708352725733835,4.10560392111956,0.05638320957249792,0.001813914203401082,0.015439352075851395,0.007260445249429683,2216.9561946498184
6.119941931930738,1.737616765107782,0.003092063489313051,0.0009815934805728586,0.21066055731743955,0.004078315034558098,2515.322174594422
2.1904123340134447,4.384204501303867,0.02464384186185029,0.0003771421280395079,0.0875344229686971,0.001700736080326174,1035.3965287841465
7.19797416252599,5.664770219422081,0.015614321765586695,0.00099506930403857,0.17493747125373363,0.004149771022920959,2304.6390535235114
16.19536771558926,4.374547658602554,0.04766496073921475,0.002397162168441926,0.02524439145632799,0.00961213337200348,2987.952004024963
17.827702216225813,9.471663809328223,0.00984733195739547,0.0029778513926722963,0.15976336268916147,0.01177693931851127,4466.507537076837
15.957764935074076,3.5120091245436176,0.05855844966052013,0.0010173077196777207,0.011232404051320671,0.004061190480480885,1242.4989786273527
18.542475563658343,9.23576696272496,0.0426207442834525,0.0026572925605774836,0.032855022442375814,0.010530105189270752,3301.064555645297
5.638778899692314,9.954073668040113,0.021014467936931236,0.0008272852070657313,0.1513211425267722,0.0035008688056091587,1963.2253651565097
4.966775370807502,6.586381304721779,0.053550087367698535,0.0002544883177660997,0.03392830231176879,0.0011370494904716913,528.8098892436224
9.052779159245487,0.640943850998341,0.007403161015212039,0.00024082242000777736,0.023914957302956123,0.0010581432308776285,458.3080431249887
8.26576840208655,9.589817849213153,0.015380592379128321,0.0011443089701685682,0.19884807984748445,0.004739083751505943,2623.584009106704
16.91881786769192,4.1798619798309895,0.027322548060483016,0.0012327549876004892,0.03287139405837635,0.004750498824811468,1589.637611617697
10.634040533904328,5.327985995764195,0.04023975835551331,0.0015608762282253602,0.053651063569044706,0.00634569864815796,2197.910776885394
1.2373055119507153,7.881782583661897,0.04540237313315098,0.00017675834499031025,0.05532502590128698,0.0008702515687539315,581.5136669726751
13.375947187486647,2.0220925599909023,0.014184646447889082,0.0010288398309898851,0.12100997683914652,0.004239246301879496,1997.9881583853366
8.941765280506198,9.39729785006378,0.03608416067333714,0.001187168450266631,0.08851132160753897,0.005108687148809141,2044.9497741133114
7.7390377449028245,2.8239391149560467,0.05698082082309981,0.0002048841393836126,0.013004873635803821,0.00084398644151489,312.77630699724284
14.409619399783017,7.517285129274779,0.029909221374193877,0.0016945482021779271,0.046846189407563125,0.0066187351232900715,2231.1007715966107
3.2350519705997214,6.686003310301288,0.012519352413111778,0.0007549943467513865,0.18284478635621632,0.0032471851837175066,2087.2191862706486
19.197479323828247,1.213887805523242,0.023582413165252447,0.0010019248045324792,0.023068641832280093,0.004025418517019896,1327.262570672395
12.309656389601768,1.2845385098175526,0.04970675119274536,0.00015398996797808594,0.003960691510287305,0.0006260641719409057,192.79066263769624
13.838534639653703,9.263770902954718,0.012131090080688078,0.002390449532318738,0.12925514103422994,0.009386812374296337,3568.851459120403
11.3956839136548,9.883401421588463,0.01626168531875918,0.0017101324039559308,0.1748045725426073,0.006772221233204834,3074.5885786686913
11.345501681502805,4.087885089589051,0.0015086623950422383,0.0031283328577091196,0.30423417556901683,0.012645543996959866,5635.485630104085
17.212485790717494,3.313612746317096,0.05176931831686221,0.001975766097963589,0.017408810500999225,0.007933758048692972,2438.1043042461993
13.75759821553113,1.3371774999268817,0.03781302253477965,0.00033537010132939977,0.009723628082549833,0.0013457682943951558,444.1768169602504
10.720976687449822,3.1174038435482045,0.04528161455016235,0.0008358389964990196,0.028980248767839223,0.003401902390899532,1169.842218647896
15.34400561484094,1.0801768672500127,0.04923574106602488,0.0002012245933459724,0.0026908106941430283,0.0007830658819338194,230.83309937694057
9.255254249806335,2.5307749782470195,0.05572281373599223,0.0002759369741279456,0.011673379181402085,0.0011366143492098886,389.2745959722814
8.683358307856151,8.110430098175144,0.041724535507081245,0.0010224647368496252,0.06735532361277143,0.004284159860065243,1667.832406284921
6.0691367640391745,5.139998651707791,0.049829886413794364,0.00032487877731254773,0.034490079426592254,0.0014117380596142474,614.768478950315
7.067983569028295,4.7298425850157875,0.04896768449370592,0.0004039961913469514,0.033935879415219194,0.0017179372920070794,701.6291959954531
7.138046253069854,3.258373143005933,0.028355563517234377,0.0005854236708222332,0.07525969100341268,0.0025021047200187198,1197.3975318588286
13.203643535244073,6.9811081204112755,0.00252508875380379,0.0031142665111048248,0.2342691111221733,0.012342188746253042,5100.997336014001
15.439643165954394,2.755437693516429,0.046500712117404135,0.0008200092301029568,0.014569821909599342,0.003300332036229069,1046.4703201594562
7.917122922543556,1.3726432366559838,0.05447980597870306,6.443970770581421e-05,0.004243468901304734,0.00025770949336023803,90.92145192625375
18.309933851763667,1.0295324030293105,0.055826802523576864,0.0005655186703876707,0.002908526654610999,0.0022531545460397306,662.6560690910565
9.079525746530926,0.9703721224942592,0.059021265076612185,3.6024891100882996e-05,0.0018447573977969877,0.00012692286512749456,38.13835283734485
8.090043084414303,9.12671703349662,0.03457585445286017,0.0009795365976869876,0.09117666052940493,0.004105360370713003,1764.8441502609994
11.185894869539732,9.182419890639913,0.03639219898948836,0.001686216024462954,0.07491542817711068,0.006690043549633279,2428.973053275925
7.914942995564504,9.550347051873015,0.012420012542448573,0.0010997982833194117,0.22387562173324493,0.0045720482551186385,2730.2112729078162
5.690096033110864,0.5228880434234969,0.0204308459575983,1.6825608324374363e-05,0.0025445470309604246,8.193205480714026e-05,36.17716368715107
5.550664255277055,3.697217236844329,0.02064984406039065,0.0006082601305222041,0.11261941872560952,0.002609846063338892,1462.4359928729032
7.720330014450126,1.4293385427680758,0.028525014234865545,0.00020779913956462572,0.02433206986778233,0.0009210768709880785,415.3122724863971
6.1733043312746005,0.7490831205126133,0.050971809497116806,2.0175278031322136e-05,0.0018836267395313164,7.626057243639969e-05,27.881205326585906
7.872168726478143,3.991712509166709,0.05392848418109553,0.000358983454858492,0.02261810586785353,0.0014966314267944355,564.0037376887657
1.5756294198029868,1.6276462490421297,0.006395643579079508,0.0004014530109493799,0.08904897129314047,0.0017691031607063987,1072.8661448795774
2.149274331620827,7.255726636668908,0.05681603385446709,0.00013005557497993824,0.03517082097801358,0.0006543004235007315,391.7612139629025
2.3137083687755773,1.6620932693708326,0.0522102840874994,4.301868577065307e-05,0.0137167222141223,0.00021802621901790618,138.46390595828316
4.08870759192646,8.263428909587088,0.006251116901657199,0.0012734339950612628,0.2575621254002247,0.00534715189590031,3176.8845376083177
8.820444619586109,6.410339281239187,0.023278441888421018,0.0010876568957543602,0.13054518825127098,0.0045283353819830134,2137.382781983394
3.5246597052451447,9.76065043315204,0.03818670367557866,0.00039804044012489747,0.07423403497279789,0.0017895450968601248,974.4607443699384
15.232266671491947,7.609232065657942,0.024774180205421225,0.0017344570632120547,0.051509240831448956,0.006750925172365628,2299.057793802817
13.61765928294194,8.295384451159087,0.011866371579203883,0.002267812956891921,0.12745018571741817,0.008893747691689415,3411.2263736167024
13.01019029977227,1.586757323029957,0.034733560629501725,0.0005024033957235142,0.019348096007340256,0.002048185083165074,712.8457012979004
1.6412717132670949,3.7562914067443556,0.054775997611434084,8.939280901777987e-05,0.029938972124246465,0.00046280221405564046,305.4456033409565
18.9593642116794,8.020697264644152,0.05495406374375888,0.0016313669276837592,0.020048425442993862,0.006437129833860202,1989.56230537398
8.56752908726147,2.112476712085779,0.036811013477461844,0.0003284774347913919,0.02758051432644262,0.001400721430860981,573.8267015229292
19.452989508660092,9.243989708958365,0.041183130908579293,0.0021027397225913463,0.02765752842669993,0.00830992813136553,2605.2350502419376
6.292229256132369,8.431244026344991,0.04926456672254569,0.00047208025788649514,0.046528030872932134,0.0020309577496773873,871.1746054781513
6.380053943113977,7.9292342534764595,0.00685097824717141,0.0014442023424645577,0.270318349715189,0.005993046266671039,3446.632504043763
5.36305859124715,4.551140459851689,0.013711937157722325,0.0008257569403937511,0.17242315401608352,0.0034851210170504135,2094.1503074371763
10.288501320228267,0.6207257134820647,0.020328438083537945,4.193760530422407e-05,0.0032320828271981262,0.00018367296387005594,69.01547415945936
12.094692536444235,4.965246366472361,0.05164354796311681,0.0012996685926714862,0.02457908287194468,0.005141553678403795,1653.788212933177
19.84329920031154,5.51888858082766,0.024923540636193307,0.0030987604129457773,0.04909692274859199,0.012315442654544203,3943.185876973103
2.5486031798652435,5.71032028934272,0.057078631282541856,0.00011976324246227141,0.030158991638444887,0.0005978715027510514,345.23255464261024
5.983853620930582,3.9744036118501533,0.041975784831323436,0.0003555938208785798,0.04262104059875063,0.0015613282268013328,712.566978223239
8.316146692777618,1.4058082152455795,0.001739352260449229,0.0013501911734401912,0.22257093499399996,0.005540005818210101,3025.951277724618
3.3238845629235882,3.6098732456062996,0.04688373223631406,0.00015280779842688245,0.031230315520437278,0.0007361887727169528,397.1014156953406
19.05031598070331,5.30853539020448,0.04226579874432171,0.0011290388822577408,0.018213986565181625,0.0044195052655812755,1390.6426989737108
15.865052256296014,1.0112958287778886,0.016114319582920467,0.0005614908697899295,0.038523939805814984,0.002467614781748794,963.0056214289456
15.75256321505993,7.64025960081955,0.045569108904854265,0.0009239743762990899,0.018391166448286162,0.003492542080167728,1115.5327562384184
9.109368915516042,3.5712406043796032,0.0227431244097182,0.0008622049954714859,0.10616858658796034,0.0036103366157407466,1716.856146280652
2.345490210964928,7.374066455601207,0.05143200707783369,0.00017385009195017303,0.0415384071611236,0.000850745430160874,490.7484298606421
15.93346575476434,6.444876791509242,0.006054977477581415,0.0028490380983289907,0.18116721506081446,0.011252611009381231,4445.804174972349
13.906560246943263,3.9577737149715206,0.059182270912207686,0.0006251737514333821,0.010960770840576676,0.002486455014976281,774.7435840633979
9.008898659692054,5.605857867541543,0.05417367420556678,0.0007668885584730927,0.030389930015388394,0.0031240749931916068,1090.5147223085478
18.178251928802318,0.7023154327461874,0.004725126322967857,0.0006440366268465332,0.06696901420945801,0.0026892126786619815,1208.7894499236963
13.946656723644907,1.830451344334016,0.029394946847465665,0.0010146455651572326,0.040335606090972004,0.004146028054735597,1468.2935410633963
17.488825578002395,4.534498334509458,0.030297440619355576,0.0014140510204698287,0.030194555588958286,0.005479183406497916,1788.4159403008903
9.34585484108059,1.521983682046452,0.04071770832876034,0.0001634176446945648,0.01088697837436536,0.0006836573599413978,258.0511239296576
2.0853154080005303,1.9060893037356306,0.018598704631584605,0.0002815135873855899,0.06303510244665061,0.001277394154175549,762.651717932559
16.78440546186004,2.510315558990503,0.005402826086476094,0.0038251299380507456,0.15341664687559442,0.01521652378929083,5465.022238195636
4.277158037913281,0.8405676139648075,0.04992522059102914,2.1483112752610943e-05,0.003453346151870714,8.984405573998525e-05,41.536287010049264
16.035579783693258,9.913161804870382,0.006940939720232542,0.0029347766265342737,0.18516123028940223,0.01162258988582128,4578.681707245409
3.8811072640412423,0.5860764707138394,0.0026529241893887643,0.0001989412596136644,0.024937751514554806,0.0008811224677748026,413.16573939089903
9.66339759970936,2.9439511213752483,0.007214551129264956,0.0010616536958320073,0.2242467753005658,0.004387553695860725,2684.168988927081
14.854587845239143,6.373485319405032,0.03847228000548066,0.0024814699869717413,0.06053334831110829,0.009892620701290794,3293.162895141754
10.124443035943152,3.1680647429824256,0.048149895111997715,0.0006471015995091475,0.02462457865977758,0.0026337195100990113,913.1911683079938
3.9924124826690055,6.2793513367488885,0.013549984338875613,0.0007488223582997745,0.18016730169628764,0.0032022407358489294,2057.0305598028654
12.923935409344478,7.2235286606243525,0.04429119910321892,0.002498704355720218,0.047912092494973614,0.010133415815028874,3287.345847813138
7.235455265411726,3.6653355607856746,0.008927203680265408,0.0009472922436399798,0.21228868105564302,0.00395463014723959,2481.9184490012367
7.805976240475129,4.010699672091909,0.017162156462721876,0.0008946948906696093,0.14485733236401246,0.003745704957148145,1998.8712645673654
6.047147228711264,7.26831340459244,0.0478441812452177,0.000434428195888502,0.0465235902896286,0.0018832468954082296,828.4704667982813
16.36856298171932,5.360365931453827,0.05813953403947913,0.0019029273249056447,0.018043074407593465,0.007623330927394432,2341.5704246094965
11.241783723535681,6.531567481157541,0.015007377825685765,0.0024306397300305643,0.17377126137883114,0.009888483508468417,4000.685696154246
8.544650016859471,7.33913146054403,0.02627447668164575,0.001055819815822962,0.11907223603943701,0.004407459401941206,2029.4602101805544
9.819515040911707,8.40869969712535,0.03905551657185115,0.0014702386447701106,0.07809846164892725,0.006039974899423174,2257.0873801239013
15.293936194721127,1.468927403359816,0.02015541702597539,0.0009821682509987858,0.05842557923534255,0.004035462574652089,1550.3652144629
4.504839335142009,4.217793531493347,0.05765692454046861,0.00013691931015107582,0.02119733941212637,0.0006253577882632935,299.4938243198668
19.88599277993892,2.577989715982666,0.05441847917024428,0.0007646933151991154,0.007750607827482488,0.00303048723583782,907.8335621260429
10.172112138897115,2.7182241854685447,0.03177324597532974,0.0007908649809815054,0.056460559753226926,0.00330515745204685,1316.7404078029886
7.43620590530139,2.8085582384082928,0.025757900878779532,0.0005834433615695941,0.07704398274408547,0.0024896312040348107,1205.807123940985
16.12832535266333,8.27323465342224,0.011319150928206519,0.002529991314785804,0.1362211712404844,0.00996103083355004,3781.8501849033723
8.155168350953591,9.383423652033983,0.04208742968300424,0.0009394359382496338,0.06891721631218249,0.003934263187016763,1573.849185412366
13.470313462641322,1.2454809657136066,0.0067533084369647885,0.0008522505234860818,0.13292584814558378,0.0035282951191560074,1866.0552896665972
15.591069438512477,5.864493191512466,0.015701471592050955,0.002204022309080237,0.08905104780300095,0.008634364292182473,3095.74876784272
5.184018087885672,8.615662896976612,0.029493017252908562,0.0006150064004650706,0.10310666759481991,0.0026576399871807038,1412.8713624842208
17.249657122275092,9.150453198722417,0.033484294375929535,0.0018429908358289925,0.036224080298418435,0.00725173648566628,2349.934130636169
10.018073250060755,1.1489939429675338,0.009663876406941111,0.0005799405579923343,0.08605471565425939,0.002448883990424404,1255.8497516227058
19.714390347766074,8.67917874546146,0.04998310028235371,0.0021251304307802455,0.01960493997831636,0.008360073130356332,2561.2815763893555
11.132063456929751,7.305003598663603,0.042830423031476536,0.0014656811822630472,0.05084800549457997,0.005808510620746741,2016.508967666026
18.172757119870766,9.801469342241061,0.013119638825077787,0.003547954054294923,0.13105621935755982,0.014047956528833668,4965.920011977568
6.945940368302774,4.7967871127486275,0.058916824247787984,0.0002771447487012598,0.020924134066126344,0.0011623219283987138,453.60500350142803
3.489941464276903,5.371932457217031,0.0326511612032429,0.00037917236527958153,0.07478596507731555,0.0017036459220804772,955.2592439500352
15.176242875424947,5.0495384502565335,0.05257524907377424,0.0016678589906787746,0.022539275599566408,0.006638526326619642,2082.4363414361096
2.6212107594308693,1.6064779243449645,0.005157880395918507,0.0006256345378700151,0.11883898831717057,0.002675765570585288,1527.9307214844548
11.429051398730692,8.210698014344178,0.052284427893112086,0.0012630331441066853,0.030518938976504366,0.005148290973581152,1691.1779740798847
7.030947695506909,8.993629306233963,0.011779934549604895,0.0010634755920654272,0.22571402153034836,0.004439885128893646,2704.332962345987
10.731456562203045,4.636372964376947,0.021127385073086875,0.0013000843718172044,0.131801084278857,0.0053552662582186765,2391.318729769695
6.564439851623455,7.162260164515584,0.03882413304399583,0.0006453307936350995,0.07049437244734878,0.002757109287642744,1238.396914014725
17.39322633182636,4.774462566487339,0.032347902283722134,0.0014309050059750459,0.028214435223629937,0.005544938634844035,1794.8046198455797
8.067991575411009,1.7638317851819683,0.05107825592152051,0.00012434242285842844,0.008072629464815722,0.0005110014320436985,187.95415747795764
5.936466362517505,6.898400206359248,0.002085128965115036,0.001426219405214327,0.31447768528519254,0.005951033568193762,3710.0401618455235
10.582069300725715,9.631633068168863,0.013175921599796133,0.0022913957010780237,0.20185986264920855,0.009326819602892807,4005.694356292368
15.467468670384779,1.6835839437760438,0.04636563611840846,0.0008552253396748989,0.008519557961315144,0.0034067559037857997,1045.7631426171217
18.8812762350017,5.636527596752698,0.04241641989986653,0.0012406936699646497,0.01906863564201333,0.0048920659210462255,1536.6142012860557
17.56182714917708,8.170417354176628,0.029947693612047188,0.0021547062238487865,0.04199612645939521,0.008522731392166062,2766.1251325874764
11.841163058092267,7.460065544340464,0.02580742118142548,0.0016060531615562934,0.10455906452930774,0.006361538577047033,2516.7956188567464
19.23697704068148,6.197988110740108,0.04951506856308907,0.0028043279195464886,0.028419230419692448,0.011159669865674909,3457.9229137936195
8.662440165387476,5.163200945480813,0.03339058666892345,0.0009016070722950175,0.07990201070595318,0.003775735777734168,1599.301236992308
2.6861868222891703,9.352538012486669,0.03182516475328876,0.0003926051670370293,0.08870669348481569,0.00177486563751834,1060.6932028088495
17.3733107115298,3.8310538852251534,0.009448547232300215,0.0024300915460202734,0.11771587633111484,0.009546987842790374,3547.849568187807
10.101294057829639,2.6912378190471458,0.025146221675417916,0.0008229197019309464,0.08019995240945561,0.0034401194957480253,1505.7578201739325
6.546250576088644,1.1656799805172895,0.019228324125869868,0.00025231137872897664,0.03428170286969249,0.0011239748736758873,539.872539851087
16.437798503639687,1.9719053981592407,0.043029276945484946,0.0014894968907222066,0.013700039754345618,0.006121837634685746,1886.2390066287562
5.158544585194667,5.798667619310644,0.001278255025370615,0.0013970886721671198,0.3130182992908883,0.005844910963715189,3671.1217703686866
18.739435854561396,4.132350571434684,0.038679634731144205,0.0008389541633643133,0.017354265492388478,0.0031943874438978823,1024.93709205361
19.54628727175056,6.853047464998712,0.04050343075450034,0.0022568136053653493,0.030369527341356086,0.00891997355246105,2806.7959346980097
4.1708287732586395,8.921336326737762,0.0023319971808920406,0.0012776168541175695,0.29903293631347466,0.005425702778869434,3457.9133048624794
9.308992725171944,4.021548328138528,0.0028956382507664734,0.001793180142496138,0.30790088591520864,0.007360099066187068,4088.065319934902
6.825977218362218,0.6070212733572031,0.017766530517014753,3.638791008199095e-05,0.0046514781458253055,0.00017263246565382947,75.37553307368258
6.21255028067633,7.342751508554923,0.01738939271755019,0.0009152158674527672,0.1688849564423595,0.0038421262661755998,2174.9976658978158
4.598948504321654,6.146987571749456,0.025393572715485604,0.0005764046759748546,0.10941826346231574,0.0025000766853761577,1407.259555874126
2.6691991744488015,5.579017945763021,0.008575686145135472,0.0009426921209950586,0.1965216916854872,0.004026878403046733,2406.178898531014
13.667612823290668,3.3434479766079246,0.03763194674836183,0.0015686242809153335,0.040143140618557366,0.006231246239348282,2080.8788482871073
9.777182241844997,6.246309428540692,0.022492897461383617,0.0012560809737226948,0.13553374697202317,0.005181424834840464,2360.772094433255
1.8330339770694464,6.762716931465591,0.0038125460813318744,0.0008992053654839603,0.2030937776915237,0.003900932378467793,2409.4116053452112
18.503559699927937,4.527752854205877,0.030402323975459927,0.001231435887930778,0.02969685817485384,0.004770880499495536,1574.2713657465106
16.295142754207035,5.963717556754316,0.04588698822355489,0.000814123771993219,0.015664526320427214,0.0030541079506139954,968.4657661319945
18.029698928238314,3.686466046228337,0.031176432997256174,0.0010626250951841286,0.024386790892843044,0.00407402757575795,1334.5382491485884
8.408119220106936,9.196938417219068,0.01550618700191184,0.0011604073756864939,0.19708922375271246,0.0048026735412107675,2631.5201464364836
19.01042077748739,5.125498119318003,0.038148307483286376,0.001156171872922983,0.021787394055163698,0.004497013710103821,1438.6750155506202
3.6571782065615137,6.809582419913147,0.04015844940068847,0.00035082175276195777,0.062084998698062416,0.001587026552223897,839.8221863614374
2.4403964299524894,7.853557116891783,0.0409232978982596,0.00027931672125158845,0.061569004739717825,0.0013032324170502126,751.2225849688841
1.7704213464165464,8.545299124079417,0.03414969401373382,0.0003010947063796605,0.07624067898596314,0.0014014014704676924,871.7534383266709
5.718008664864324,7.8260574489201,0.04461368879672361,0.0004782820756968945,0.05573950858961406,0.0020824418825623973,945.6661987074798
7.606858248727834,3.252848822169206,0.031264374979916576,0.0005948431336039274,0.06581801042758469,0.0025324932335588387,1147.0214530063067
14.164387743596373,5.012144974687825,0.039513651288001404,0.0017463063105588544,0.04792458521101396,0.0069426956711873605,2336.9760941264894
8.946649548402677,1.2694201079460536,0.0011912605739134155,0.0014381009890491615,0.2208696466151294,0.005894194143810993,3121.5081416070084
9.426250237301945,1.3111699137933566,0.013913824767703635,0.0005408090758789439,0.07251295984722082,0.002295673696509701,1125.1608009227323
18.25977585103568,8.471618700431291,0.008193190045377583,0.003166227967732031,0.17406691483300193,0.012540100848321113,4782.612168005977
17.864850128857775,5.495277607564926,0.038012665477144485,0.0010131574369372158,0.022369082389953245,0.0038906677879942983,1262.675660109694
14.995993686993303,5.618776420093807,0.014373868944384926,0.0022838645841896377,0.09620519148610801,0.008963798598648326,3240.131809965195
19.67872538502502,4.943914169797929,0.024211041797305353,0.0026736950399140346,0.04719251401262692,0.010534208336991509,3400.6740533063467
7.972583501800985,0.6805538656636195,0.056785247956229815,2.268693879588166e-05,0.0012207988709637394,7.430815201934233e-05,22.17160439535565
11.570638540789659,6.913767046616246,0.0075082361772310395,0.0019166880724638899,0.2542299807870117,0.007637042505647892,3827.412824874056
10.869911280047404,7.664103147868411,0.05125480083312465,0.0020714935243029025,0.03586378057500849,0.008536129043265988,2735.99902292133
1.3507710653604392,5.762616457392815,0.027758114161702103,0.00030503247327122554,0.08126608678094664,0.0014134048066492566,908.8810139335271
3.816918974436213,3.4003480050035857,0.04313396741981906,0.00019054234947026334,0.034863093858607835,0.0008955141021428,467.8659284161612
18.59668215397633,7.5527963410390235,0.05959925955699147,0.0014709216443962274,0.015495470054169408,0.005791048313702502,1764.7996750409047
13.317385796869434,7.597315017598353,0.0215171116809799,0.0018511378142726887,0.07228389031599275,0.007239296657760119,2575.390368966453
10.923625581981073,3.030491312615984,0.03591200327802663,0.0009849658624234276,0.04992122928443003,0.004050992124315563,1495.312844814563
11.645071992354818,4.841139701991028,0.050708256290495565,0.0014128046962414084,0.025973789476817,0.005796117698189869,1859.6814029878108
15.543809311209612,2.1489062318073886,0.05034189908784089,0.0010977045550478422,0.009704838426470847,0.004455532471819627,1361.7525953758427
17.317191875673775,7.204193596153436,0.024084827329822298,0.0020553378519540017,0.05401582586882284,0.008073030834793712,2708.55520015502
8.491356638907584,2.600102611947431,0.03494425135831774,0.00048767605300539704,0.04271049124636239,0.0020737468168684735,866.9343425094197
19.531043753134405,2.0043317601575548,0.027024392714750305,0.0016982639211832369,0.04305930190931897,0.0067609835657929706,2260.026380564343
14.11196256689608,8.72106819713287,0.04610473532115804,0.0025861122484538003,0.04709741205456413,0.01031497031477124,3332.268492567334
15.657143191277754,9.98541106276246,0.03214992343877567,0.0027182906499396693,0.041076515510989335,0.010689939964921806,3405.8029296503205
4.0730668027006605,9.57707411877594,0.02815532914817349,0.000548726507357439,0.1082952431984747,0.002398315119073837,1368.1665492358557
1.2917450616988295,2.3338130147171845,0.0037013687466347206,0.0005525539323709809,0.11590519623315755,0.002419767251906172,1431.9871252085413
3.6764662251312528,3.633176103855076,0.05207729092413687,0.00012632714670562546,0.02463680015638407,0.0006054671821467781,316.61226288404316
15.599563048982738,9.65336570456139,0.024592772062091206,0.0026667055298375294,0.058869086649861756,0.010486898114797387,3457.1974527452803
19.90113065455106,6.7482164970356076,0.05609976762659823,0.0015037196049183844,0.01679983295127265,0.0059325641872883675,1813.7688971691043
7.618439011971906,9.72645352640187,0.022255873941023536,0.001020781545171393,0.14744383436160707,0.004261588736467445,2162.904533583461
9.71172680421399,1.5601816834301911,0.04488599226708546,0.00016480873970999368,0.008621883300526751,0.0006753112091860739,240.12565787646673
2.931488424408535,8.660602976875124,0.020899785719530432,0.0005866053514024865,0.13432687367579257,0.002560106108977536,1579.3477225185056
5.946384682359576,2.1630844239819824,0.04848853953534763,0.00011899032019908384,0.014335778809818109,0.000527713364626708,232.45019352948628
16.41327681471062,4.247656893571065,0.026878705104628232,0.0015858290493005476,0.0424876690570679,0.006197454244134867,2081.6374593282476
1.8479406513051415,0.8083397066203546,0.020776964476811377,5.8190195686329645e-05,0.018957289180124334,0.00028970692461258954,199.39354362462018
7.113474738032889,5.823459264561183,0.05618322834670379,0.00038803306526951985,0.027607029283783807,0.0016297511893279292,633.140311251733
14.045713020589854,3.9012191477218834,0.012953192115217515,0.0018540927000521238,0.16538088511574423,0.007356535966308571,3195.2732541723335
4.195545942217012,7.111746255975945,0.016386761338557293,0.0007438524177622796,0.165858302806186,0.0031763989494812115,1959.58684000957
17.18430173769685,5.803422412014336,0.012214690765142307,0.0025594029698990505,0.1159277670049342,0.010080224086427308,3693.282446420731
4.456702164053644,4.7534680343429905,0.021197734197852373,0.0005999634486106652,0.11936540594839656,0.002590142614883301,1497.547273186836
4.621898315774395,8.518348502244866,0.050234731915007415,0.0003085231947139131,0.044426302332986334,0.0013874099758917457,668.2005977764857
4.815420777168066,6.474754378179575,0.050204835651554515,0.0002776977612967425,0.039168131107762,0.001247967249130954,595.0261018486221
6.25221504123978,8.035703966058254,0.025295414922457217,0.0007778320545648492,0.1225585406261491,0.003300593407818506,1724.8336768059314
9.491220277709715,3.0579707079378764,0.018982508761315606,0.0008767933775876202,0.1178794038046134,0.0036630491737711947,1806.5302687382978
19.125366459184555,3.2898654538800725,0.01686629995028141,0.0023626560051049498,0.05692265411194439,0.009292030369792786,3095.1516594317145
12.71882351818349,6.806437930973816,0.0025769074106974967,0.0038538513044705357,0.2479637174293187,0.015358314162039935,6087.077608440265
8.454033596362049,3.553551111107673,0.05521848296812045,0.00034834720355772595,0.018720141545236046,0.0014401978975091632,522.1493410150991
16.08956746755292,7.49764376598033,0.0593856067653009,0.0011372587767812673,0.016021286027782484,0.004454639046388589,1381.3383316644577
4.459273278350057,0.8925005741647147,0.037246744111982186,2.843365969495965e-05,0.00510300129802495,0.00013451692150930113,65.26483453290656
18.34880433592251,9.452994416318132,0.05151333112445257,0.0030469571361680294,0.032533614966923655,0.012126086492618936,3769.2315112700107
10.427696513311359,9.09171255324757,0.04757188926495379,0.0012748218454418422,0.04305699366855949,0.00503847168502902,1736.7778943231945
16.051320072750375,3.1380865442922503,0.008403296992758524,0.002129197601790955,0.12491854684812863,0.008366104686566574,3243.447889547998
1.9254385774852802,8.085784558715403,0.043828060318582926,0.00022755763901038004,0.05615119407980504,0.0010881614577703945,652.6616557473183
4.257783161463157,6.078988368940465,0.03535602491012541,0.00042738162039512525,0.0726367567356755,0.0018962211070866143,998.3080880694557
16.541927140413947,1.034090083977301,0.058426501794100735,0.00019319732255849986,0.0019277540023207478,0.0007392156480176035,206.9528268741517
5.118570204957772,2.0402205450426614,0.039696731371702106,0.00014315399230930943,0.021974229778769297,0.0006645142169565734,322.19341500150426
10.82128036873017,9.938777867651055,0.04445913479665046,0.0015332417562810032,0.052990990977885614,0.006076985702468605,2108.288522363006
4.008922903471733,8.07632126056551,0.003966532440590205,0.0012584037444259546,0.2773642727820445,0.005300912149412899,3286.4613891870836
10.683258288119804,0.8708786268859123,0.05302250865187854,3.581728434618633e-05,0.0014590189900422772,0.0001270427419311602,35.831408927851186
16.60631436512575,9.308891589129182,0.021685958504025212,0.002266480506208125,0.06966922030260413,0.008912392278239823,3055.2643688270236
11.171959695470356,4.460936548822181,0.028063144214850965,0.0013796710638898201,0.09658616884707212,0.005672435944759141,2266.9658116674905
19.78014205775191,9.614422769844897,0.053503350766190866,0.00293258315889264,0.01722373189950017,0.011588058463153939,3501.66407949564
17.02699202107878,4.688627007434371,0.03936443408358382,0.0008948039003639355,0.018570149329224264,0.003390215028799114,1090.5869170323872
10.209013294981135,4.440461702601096,0.023888250853841927,0.0011346974215026625,0.11337248499447466,0.004691635406313597,2079.1610404871262
14.737074600870553,4.502712865836793,0.05382300486165533,0.0010471753676551624,0.01747194331704591,0.004139866389693981,1306.8489692736566
16.73354325427093,8.590894119305572,0.045003572609304494,0.0009387763835267757,0.01983592469052911,0.0035813224321169894,1150.0807469762549
3.4204066118942995,2.2547887314965402,0.05749018618699558,5.8986567298296014e-05,0.012785610994731803,0.00028016179431602584,148.75418015280798
13.28517880730404,7.383793254478453,0.05723429309902465,0.001990045370974979,0.02673108772693158,0.007907091172922777,2485.817160382917
11.000281426873336,6.02284811269973,0.030898463132358674,0.002076740446751842,0.08796525724739516,0.008467373779939872,3044.261623634456
18.00347912704837,8.896637811669247,0.011579027359249552,0.0030023364192614307,0.14006576833157186,0.011865563809546495,4371.329775299458
16.634600735005606,9.278454908549985,0.014477529105669053,0.0027306705987252496,0.11543759630104065,0.01077248888211897,3894.11815636103
17.967725534147792,8.153267061021172,0.017724144428527145,0.003448822986984325,0.09275785275485685,0.013631108648999414,4605.34820441674
12.208387887167088,2.179949964569882,0.029151940833229622,0.0009539542009677829,0.0528023662298524,0.003926389562864868,1479.313213193775
1.3169753756032034,1.534902211870775,0.018060819471693745,0.0001778963872902793,0.051865914036670666,0.0008300788646302501,561.7085368223399
17.668623012951628,3.026228177316103,0.03593000988567169,0.0021537617193295327,0.03969656577201394,0.008587549837646494,2778.589008125736
15.285142503037518,3.0075161442932834,0.030592594255675287,0.0017402455533112127,0.05423302888328496,0.006909815582112711,2371.8334100953607
15.130824922626639,8.692905776094678,0.03484810769959364,0.0012829620961188335,0.03185168404421641,0.004935784061395382,1633.3199882440015
6.611081897455087,8.574748280761314,0.010212074847650646,0.0011748597232068697,0.23983383650259776,0.004900026647744068,2930.3233043235596
14.933800465006547,1.566985310158625,0.02967849168872116,0.0008890003438077214,0.02945660534789343,0.0036190710161304192,1244.4811034993604
13.702356823208918,9.74804590476918,0.019113926833981085,0.0021041969154073415,0.08224734046733052,0.008234978427891226,2933.531816879
4.770259226317412,4.400725723016032,0.026744346539608766,0.0004899837726223378,0.09055255728925682,0.002141774664690767,1184.8463247133031
8.123306178776572,7.0615074505021544,0.0328171428455618,0.0009208782235811828,0.09078039177458647,0.0038641634340600478,1692.2345116727938
6.882726561084611,0.9047524349502956,0.0019436598837556513,0.000832825690904078,0.11731813427108713,0.003465537189903418,1755.9245740719466
13.130212524230624,8.821862568812437,0.00847921749136547,0.0024102329627736768,0.1757953103198463,0.009505605751496879,3893.0944943217833
1.1294046736748944,1.7139952640048235,0.0450621201295676,6.298347155728351e-05,0.028393275635347964,0.0003228606197081017,260.6482737535249
6.8992018115956135,0.7178161527938829,0.04151261425502734,1.903109951947758e-05,0.0017750415585114873,7.797937423160167e-05,28.288836462756908
10.967070474917191,3.935087712234676,0.021776659252243227,0.0012078316739725739,0.11938702551414328,0.004981214938683076,2203.781979445622
4.939553424936433,2.9209096628342324,0.026593824419178853,0.0004194449552598422,0.07190175506568124,0.001843822353621088,982.6143059998437
3.090136609352513,9.322571318937696,0.055579509295250754,0.00018154245689091906,0.03776273535337249,0.0008696195287800774,471.8139365323115
19.59848744964094,3.881483421876439,0.0336576706017645,0.0010471809884823144,0.02233316509489049,0.004038935667166346,1309.3937917094897
16.694961815849815,6.141460401119447,0.03567527929450261,0.0016375771678476254,0.02788481189094997,0.006366441029926321,2035.4640925977405
19.370223064075624,5.387294529618519,0.009041360967086461,0.004305966477448501,0.14899688961247837,0.01706385016855008,5979.058141180766
7.541273325251996,3.4115557790283075,0.032936976387181884,0.0005881916141459242,0.06269454642323463,0.0025051972869217258,1119.0045082142428
19.977899916151614,6.203550660749627,0.03709161619070129,0.0016145143836443063,0.026833310560905904,0.006338295212453064,2016.5345941014623
8.900906018220123,4.709286881278945,0.04143737984030143,0.0007966792564536592,0.05173966694765482,0.0033334651210311424,1291.0667813704736
14.831858080258996,9.363179593163904,0.01582398862238219,0.0024289957076896454,0.10378674190652352,0.009528694880823653,3451.526402395573
14.190440887315004,5.68065065551172,0.05909580481449738,0.0009829725173326064,0.016023259367501708,0.0038781479069688518,1216.248042201479
11.542413021543723,0.5133063344073749,0.011210821777341732,6.010825131701917e-05,0.004152956077628402,0.000262069434340479,98.65246225089669
14.552028921490152,4.827485865050483,0.007833601540526702,0.0022269072436905866,0.15931185614248097,0.008758434063455911,3570.970733248334
9.58601938961911,6.97476864067607,0.00453016832435645,0.001720471528036521,0.307908579721318,0.007066040712796931,3994.319810212686
16.27027601268181,2.986626522175662,0.033169950732132296,0.0016225268155566782,0.045537524584395035,0.00645098723789647,2179.679529297536
10.56694939366166,6.6179162315398745,0.009610116370109119,0.0018858804498532585,0.2261311576019429,0.007657613199879064,3660.639822299226
16.92237796261651,7.810342254812642,0.004299182343035642,0.00399007123020909,0.18838805368401276,0.015853754416501904,5858.279212919479
1.3942116279872916,0.7365188200995803,0.05783011552073241,2.8157596702988993e-05,0.01212566827811905,0.00012037418380340382,102.87654029247517
17.50213339032033,2.4391973248704515,0.00874123008021741,0.001972371934787265,0.1028403565245342,0.007748025036761831,2923.8980637511504
6.343737618577215,7.425230516390078,0.04085633182023249,0.0005981488953155901,0.0652862825672077,0.0025665842309782728,1149.1499535831736
12.355388991388063,2.468615060693808,0.0022181117547642078,0.0017764424432688214,0.30946880089133977,0.007243958285321161,4062.9562112957756
2.1394387398130608,3.3853704902941533,0.04657064324167827,0.00012425688872515328,0.032604040878809325,0.000622151960472107,371.7849636708546
13.565378478917687,5.733376037629708,0.019519451745114325,0.0027916573908788687,0.0755935111417435,0.010997342900259473,3718.6075349895377
11.505070606618725,9.06847297622618,0.021979543504527053,0.0016577158940925935,0.13042602522060123,0.006565660279308026,2737.640781829921
14.77697992165552,3.4920475662714523,0.03260921361003942,0.0019151128760526801,0.055221950681272676,0.007608423079604709,2584.94908465208
19.03255660548007,6.052170813470889,0.035018717084967184,0.0018364095180331771,0.029330791352096645,0.007176279510803792,2283.998989872881
18.08597497352066,1.9535732510554293,0.057309717670474325,0.000562966515624658,0.006203068722527353,0.0022140435732365526,662.7459058130142
15.809999309622095,5.703335810910703,0.03852765714776259,0.001756452866319456,0.023824925186848225,0.0068480462951624145,2156.1760859414794
6.704825720760393,4.663390430898215,0.027493693673144005,0.0006579261504006327,0.09408052590726598,0.0028075464387058257,1403.367406674672
9.20665662064884,1.0558836933428104,0.05400676137269902,4.443023695280445e-05,0.0023307096319003283,0.00016808505493317774,53.360634903217345
18.405325030032746,7.09232016937212,0.03512408822432095,0.0020485916807455105,0.03161676176365735,0.008022907729715995,2550.374170976689
13.413201671375178,7.84033479543853,0.00986173388506537,0.0022511058320618805,0.15767891459043565,0.008855644741099879,3587.472279212171
13.98643851202216,2.4001248638279504,0.015273533854413279,0.001282088855965333,0.12960342398881836,0.005259174181948659,2353.8949856022236
4.339640807742283,2.8468671229187374,0.04870516380364791,0.00012707552199875703,0.021749255999175928,0.0005974795756615998,298.07157223615457
14.074793230572551,3.8849018424965487,0.041595479425692264,0.0016534638317745028,0.03435290184580177,0.0067181879928665325,2188.5432683968234
3.9092283717018614,8.320280007551766,0.04388244488910925,0.00034909538956086735,0.057679236388849656,0.0015781770380794754,808.5556076301505
1.2017059388735665,6.714845258051684,0.03550414123575932,0.00022863522015842186,0.06786848075359658,0.0010928163982593573,728.1024192439712
1.6875732179158809,1.898102111048903,0.007870979704664351,0.00044582520814536445,0.09769689359417108,0.0019598604905426524,1182.3832494369706
2.7480734366441455,4.602503375610164,0.031360545203640636,0.00032621629353312445,0.07107896659242875,0.0014879152863204268,868.871608698088
15.671679925362461,7.969004672817411,0.012815014486320244,0.0027957476802209324,0.12202375609651328,0.011002869547295251,4004.424045341894
14.6314076080461,2.2782802828082183,0.027844044589851298,0.001302302444348755,0.049435697599054744,0.005168452324812107,1826.2227778975514
7.993152433121886,2.2049543111566967,0.04576206146010069,0.00021201334472788365,0.016605193476672324,0.0008989077551693877,355.23179287562937
3.0611283926246724,2.074212923593718,0.030987299432010507,0.00019776705007639895,0.03851777000812851,0.000927878165439992,504.50104023757626
7.288801297132484,2.6478303783467134,0.05458501644343902,0.0001767629235887574,0.013522277690190912,0.0007393670731912165,286.65678306421825
7.765997319069135,3.4795264590438033,0.04597751141009723,0.0003963041717353195,0.030217399193418173,0.0016753347158691607,667.4371622713627
6.439212864771585,5.840001712046407,0.039981353449123194,0.0005591554708262921,0.061244789365873305,0.002403559886138719,1076.7043646612442
1.973995781612679,1.191849050353713,0.03390336991270446,5.62718816516489e-05,0.018157675178905076,0.0002911333778382361,191.80084544988273
5.2181449253279695,9.663277820202786,0.03789393230826853,0.0005577349045127297,0.0780271815425578,0.0024243610160365405,1186.454831923511
9.933082760783094,9.834464573379313,0.04863269130381273,0.0015822248434242791,0.04334755194254474,0.006501276084524166,2175.623550037554
11.756683388792585,8.872837504404437,0.004974244599232866,0.004431506309531082,0.22162863998386056,0.017674289877762834,6615.001935621684
1.11287046155621,8.352682746235534,0.034499255813919875,0.00024447721847852943,0.07368127654308812,0.0011642549985600062,784.5736107978482
10.916150454627726,4.895534712630633,0.0139837340855869,0.0013844062316990357,0.18979965676832203,0.0056720614537840745,2845.7367486309113
6.6975613009614845,5.197562911424298,0.025045018061938498,0.0007213303499160952,0.10929910638971699,0.003065813810638374,1574.3670117752245
6.13527314414538,1.240769258571312,0.048413090388370016,4.6779540218363465e-05,0.005035307425610924,0.0001998468661608271,81.20280012302463
5.4469444797002255,6.55006758097816,0.04523445714401122,0.0003996765144283732,0.04990556619048867,0.0017585458212811672,813.93526426825
9.70182066442792,3.779228387925974,0.05275073767990961,0.0006412497077668107,0.02325669447677562,0.0026016302358144025,893.0516794835191
2.955753470934992,5.99706483966497,0.05337383093369617,0.00015532749336909723,0.03418299021328237,0.0007545916810118695,417.3699373390465
12.615902216899514,4.203993271291134,0.039114412543879575,0.0014929975687114267,0.04488797431198176,0.005924608107836696,2017.470189188714
17.779893688167938,2.5581087828899727,0.011468338940742041,0.0018364484521935776,0.0815550203833859,0.007208621486376532,2630.483146765943
11.748595720674377,2.681322843472722,0.036516207539478096,0.0010345798655206722,0.04204470022502449,0.0042305032808385434,1500.547575088735
12.753845413157002,7.701195898708358,0.003231191089422541,0.003658304835814268,0.22755467694599596,0.014512884031130534,5707.710695141331
19.49972088036198,0.6557677603082608,0.02594090610233797,8.713219919805413e-05,0.0020878583205632953,0.0003379098657561926,101.94857809942971
11.26198360717432,8.245070470754662,0.027145488641197948,0.0017098150235418568,0.1101381243040796,0.0067902106992447225,2679.4747368744606
11.933116704041677,1.7197166053297346,0.03378187307484507,0.0004922666129750158,0.024448878054591585,0.0020800716535938567,754.656144047329
19.757567566296146,7.764471437288216,0.016704220671705364,0.0024500219011006504,0.09104497882667936,0.009604604762515095,3392.674434970577
10.317112474582414,6.103385710298415,0.005736038619651278,0.001680023674239291,0.2947368778313821,0.00687566451455442,3854.8391283936908
15.029929624703154,4.291056047018062,0.044122654362118735,0.0015912396489260628,0.03165887360805809,0.0063226268947048575,2049.967769918813
9.91315789696882,5.951946215762001,0.004856206733025845,0.001703882176174256,0.301196385547529,0.007004091078418065,3934.725256500701
18.901302788043093,4.117625872526819,0.02222841453672319,0.0017274532120612827,0.04512624043949548,0.0067618000258186884,2265.9043387100032
12.227045245562907,2.6352498083780955,0.022026273841674437,0.0011195647035083043,0.09507156611999328,0.004613111995878483,1945.9229643292201
2.383899741031878,6.88017446786742,0.04902954844426158,0.00019058438590154942,0.04398159646495862,0.0009237004687787233,528.3245369789843
7.6767419342096455,2.8802180852674857,0.04186484839727213,0.00035353631781238464,0.030877100169736264,0.0015102509797365097,624.7160969513079
2.0289154835665006,7.135464489990319,0.022430250814625984,0.0004682459609059715,0.11163873537448755,0.0020875654229953766,1298.280904881386
