K,s,c_exponent,zero_fraction,firing_threshold,idio_std,slope_u,slope_v,slope_combined
4.033630383126786,0.03221571919576125,0.9129385397140957,0.035983472364471476,0.17518672976079971,0.04101229484188122,2.0697717710499557,1.8827285864451788,0.8028753709903665
3.7239336422423284,0.028754345309511438,0.5551845625128018,0.19806492757621222,0.13018414644587847,0.05870167685697992,2.0462475674542246,1.8577803245779685,0.8246900421781374
5.831425957234124,0.05095697729822251,0.38390551683035506,0.2858243443793974,0.2731368210776501,0.008606107576010607,2.102521334069145,1.9173213740263069,0.8067358028637368
3.1270028810946258,0.02644195815009221,0.42395752049328184,0.15387571672350042,0.3253293755853064,0.005053631637634239,2.076079388409998,1.9122830202317476,0.8138592415253025
2.8938461488851877,0.05776546902011642,0.44050418509631617,0.1640191646612238,0.3933144580155193,0.04942124580540039,2.0277509496731834,1.9010448612456092,0.7755623792356997
5.19311553269429,0.03391499707184188,0.5152973552424664,0.3022785116598059,0.45647464567752427,0.009223391458684043,2.1041581739845276,1.9106646358503154,0.816262497746471
2.6351416464116824,0.02369994609490859,0.5125989347260655,0.22064220480329091,0.20642847016927024,0.040964019411853035,2.022854708437242,1.8773676000625674,0.8367471922850476
2.264056999698003,0.04426958798970436,0.7669125714992078,0.46910972564799525,0.3587728424064666,0.01768246391692705,1.9802971432857375,1.9097791077793989,0.8280147006780734
5.849159846564176,0.020555062026711195,0.6223193525387669,0.4347606305570071,0.0881235157691893,0.046069088971892984,2.0792511582667794,1.8415056062953599,0.8999033723738257
1.6466388293945435,0.025656474847979466,0.849324490950026,0.1022036757297127,0.04576935779100625,0.0158618614864744,1.9600850013119127,1.8996250022343777,0.8372931856177421
1.5759544816017845,0.04473213382599417,0.5993638704315714,0.33241966761401315,0.34670130386718107,0.03348870460440115,1.948798484176901,1.8961589069468685,0.8149800329304226
3.288004845560318,0.03179520982005442,0.8914523347476327,0.11189450472042976,0.08237089184846029,0.0010085957627379916,2.2064007717668686,1.9084885098373805,0.7292370053855299
3.805596228452842,0.04052408685556783,0.6647501562794684,0.06457477137515093,0.23337978654798464,0.022122578612382232,2.06518855611316,1.9060080343848174,0.8066807645277807
1.5405105632506224,0.037778595937462175,0.27286340673203757,0.31850257730451237,0.08647068783980323,0.03135127728731577,1.9382294810671263,1.8947944277820907,0.8202206261441173
3.415853441506443,0.020473896478539016,0.29843328568301536,0.06606794031338663,0.03488506736671909,0.019203976216184998,2.0317774799221593,1.8943160547291562,0.8513269850351881
4.2407257607137545,0.04223288664290678,0.41797794054255194,0.33713635990975444,0.3920188049599337,0.04218704919880591,2.0449291048746083,1.8983986421757857,0.7872307897691534
4.968512359877675,0.05123246340675593,0.3881650966664192,0.4981776261724569,0.3765200120761922,0.04699257999548256,2.061864675798244,1.9064130046834542,0.7687854651893802
3.051981194212817,0.02855688228561949,0.5316008045915616,0.08046106559237781,0.33155724717102547,0.007026139956714223,2.066278355460691,1.9114025360454268,0.8149346194625855
4.099594892888115,0.033434119442390914,0.2850784401295765,0.3129716346348865,0.4502807802271732,0.057048112975916214,2.0429947756196563,1.8681474790080932,0.8089639916788984
4.7024204899764355,0.04326385171490641,0.5276063436688045,0.2339339175032759,0.003158682720387617,0.013500130578965482,2.081080171066471,1.9132409041908185,0.8071359353630668
1.7665569002119588,0.0354412731141247,0.7975509068788239,0.2964377681577715,0.10274113540682907,0.006753482265736867,1.9715365189737848,1.9098404394113093,0.8377730022689123
1.3611188167934083,0.04796967175144244,0.7688131679412471,0.4107116692429924,0.21741387693518727,0.014386617320743554,1.9064886490263309,1.9048759401859232,0.849774925313182
5.991902892240872,0.06107955716431944,0.3185673681783532,0.0005871036573191073,0.2521818790290291,0.008360072237434468,2.1360852341774033,1.9177452742654582,0.8099153107244295
4.720409223573026,0.031666753603001745,0.7651710827342181,0.23040607579838684,0.21915170879172494,0.040866834122493985,2.0725811720189413,1.8783851616415084,0.8117484275986374
1.0759348966325186,0.061408103693450386,0.9279353996671478,0.4291772937198185,0.2925846159626288,0.027334083129737185,1.897465603492322,1.8979804991506413,0.8408404053195284
5.489900454391927,0.04318714584580176,0.6428820549442515,0.04034738542366336,0.30772615090140043,0.015077087055662144,2.1220313057125963,1.9110843739110308,0.7963485954762339
4.850561985730579,0.021158586460796488,0.4107028325568989,0.024940535848399663,0.4816192294916891,0.012041286660780928,2.0955516408949424,1.8979048008848367,0.8352027852695061
1.6951115045316654,0.04655211839102576,0.36283646321784724,0.06069114263728074,0.1177301632144992,0.05930815181590566,1.9936689266005057,1.8872467916448596,0.7818355163367829
1.2411869282726231,0.041194036414501076,0.4204835564035565,0.019005082651839082,0.1786840564546323,0.046408439939286665,1.9397144040131593,1.8849489457863318,0.7996396363324821
1.3811990187869592,0.04980688981416999,0.860998165891643,0.08304158636822204,0.10707428542278558,0.05589970667661039,1.9718712560055331,1.8869383441818954,0.7824942228290799
2.8413929859045233,0.02303775679337101,0.3277881301646485,0.08532993815068507,0.4192853814633452,0.026822287754403693,2.019880326598004,1.8915009999898988,0.8401026755410115
4.256044427268951,0.04637807698104056,0.9046578988486748,0.2654216640850737,0.1508058702271092,0.017339929374663093,2.0816076627603013,1.9116948503891107,0.801220295560801
3.6147656527260503,0.048611995792377835,0.9970270859603099,0.4624286043995442,0.1639935911173357,0.0553068273942554,2.045878610169149,1.8962144222705104,0.7681018769581748
2.9202173428615987,0.026246911697451115,0.894520477545576,0.2848124922842722,0.22332747336608313,0.057616977326982094,2.0327431929797237,1.8599414874638247,0.8263962777082463
2.9442231210748213,0.025075798474125832,0.48705636536031344,0.4709277347344701,0.18850002717634137,0.019438196497444646,2.0144838985809486,1.9014397188825645,0.8422186279640411
1.2882277325952534,0.020415073994139395,0.6204056567523175,0.15827411913622422,0.31991223211324055,0.05664937917841375,1.9563257761630584,1.8647114085906322,0.81547349856001
5.7312647736887925,0.04524749296969249,0.40163106709953866,0.3672340828822611,0.16408467603988822,0.03426096644493223,2.0758129281518185,1.9061087080018184,0.7849427927201152
3.9292643709466937,0.06256367063717877,0.5966967185584791,0.13036593002065258,0.33450342830620117,0.029182701876888813,2.055382252673948,1.9147801512732803,0.7859068809249804
1.1432626656227272,0.043641378435093886,0.6974336802051011,0.3705396446711327,0.46549253013945546,0.0011428194435697354,1.983303305409736,1.9148348228167527,0.6897965951772367
5.179072545244766,0.05792791173470088,0.5482041475790562,0.26219186324818644,0.15251115396387074,0.013981333950662596,2.0944352834734783,1.9177484646449465,0.8048643059831798
5.908170566753243,0.058073328277388814,0.5952986244450871,0.25351873950342474,0.09418646593582036,0.038452863829181554,2.097676765127397,1.9163519626576495,0.7580752853345657
5.433448789360086,0.054027767831356335,0.4959020943753831,0.4181650117960416,0.15161818522003376,0.05630358561730011,2.0843899639494006,1.901957449186704,0.7587359733184078
5.5200597322879,0.025959692854813126,0.7382716972918306,0.01757737160357522,0.1681224710941282,0.04689175584507864,2.100078662916417,1.847669285083675,0.8559118730101277
4.392915812430861,0.04899897608386654,0.9688012054304258,0.23967771327526016,0.33920336081725394,0.04215541124385867,2.0690031539329605,1.903573571300587,0.7689919968570597
3.0663769204951543,0.030852429669901607,0.2821878850245548,0.15588738633445945,0.2315930521993607,0.01338996451856738,2.016672355891582,1.909478272647002,0.8434269022459818
2.242556192736526,0.030633331167898917,0.4627916024813197,0.4222962142307332,0.06017889691160536,0.006784144257901128,1.9721145378189742,1.9115537333199926,0.846425606681029
1.7715620943763128,0.060011830416310044,0.9805304669372354,0.44002601559514765,0.25849632302079945,0.026281093308447096,1.9591989759404942,1.9050445759621266,0.8231785309447728
3.0708616233232684,0.051727146763522816,0.8517043206383543,0.2602984314339381,0.26170607574402543,0.052475417032141945,2.0403487776296165,1.8968440395927673,0.7714387940473145
5.3942931521414055,0.062111553936191,0.759412929360543,0.3639262589866022,0.386523833036783,0.028915432326239134,2.0789404598303554,1.920170767945014,0.7695955997734916
2.0257626255702954,0.06278723296817683,0.9518159640097359,0.14806623109004316,0.41031594955192496,0.039724793799709654,2.007436168066042,1.9040386460244243,0.7958593446568617
5.741031987677362,0.024537501195776888,0.7719396726686432,0.26828851317588226,0.22843097414573665,0.03488653704778389,2.0927811778696617,1.858389307105192,0.8489920869766834
3.594678395265257,0.06051680803141722,0.9985044845603913,0.054649445188632115,0.4128289785599793,0.017473782373664436,2.085213654099338,1.9127892502106556,0.7996645027303183
2.422469500101343,0.03724046939613275,0.8146174298358562,0.20987264152807833,0.22727387648906602,0.008046950276579753,2.024824438388591,1.9109518721588226,0.8215235147251474
3.88809382439596,0.027752334500127512,0.7831533807683191,0.07951550105765375,0.023101176234751518,0.0465378505325448,2.0588557010686883,1.8676577620506865,0.8213783130459142
5.943038455496591,0.04256048159392119,0.6547368853750224,0.18032520135003272,0.06263717804913706,0.05547707229176571,2.106345222806819,1.874601181375338,0.7897609315436679
4.070563222347708,0.055982063149338845,0.3347317395132434,0.10697598679932865,0.47083663190886305,0.059069756589431234,2.0547101870260547,1.902924665607396,0.7544283292647663
3.1621075245174732,0.02129988480589514,0.4041663199060129,0.32344225241737873,0.4849878534738864,0.04351386675154932,2.0223026496232666,1.8668192272002355,0.8521864168271597
4.282832493194363,0.03875185594787903,0.6885829919735872,0.020926283567375463,0.12275359403094903,0.041170223390324445,2.0693439645662464,1.892209498488007,0.7873824784175367
3.3660581323397114,0.04475071790942767,0.9071143819639371,0.43784799209747743,0.4664100394073505,0.047645846617479795,2.0374026773148595,1.8960030690730711,0.7817269971601203
2.058634565856991,0.046791866391760896,0.34492612322961175,0.49209889190657713,0.25565825734979386,0.0036858046420204286,1.9397198276953718,1.9141824691085474,0.8353694778115188
1.9617820799726977,0.03866735155877969,0.9572851173674413,0.3397438499785721,0.4229273416513517,0.02093988881233416,1.9694192881057542,1.9035377767383985,0.8260800392997237
1.6342002981943589,0.060212800075388595,0.9160367005323597,0.21589252277161383,0.3715479112116729,0.014877430143945627,1.9431938208031874,1.906842272963198,0.8308075982993145
4.467676885247144,0.04162261198474965,0.9750344428568796,0.34627424231494813,0.3189171914241035,0.026092376276947823,2.063972669922878,1.9067508335353878,0.7947056920475424
4.3048016692566575,0.03922159509706428,0.9969390736571909,0.015805972545099207,0.38405497535169536,0.04546681677247911,2.07866615052869,1.8883395126644178,0.7850417209780048
4.201479476675372,0.0314460076556842,0.7969130593643827,0.023533216480155737,0.3661759981923501,0.009887679013582715,2.1384102740488324,1.9068752453418907,0.8067080732463321
4.831630562635709,0.05827181630727511,0.5069630927808391,0.48808702589399316,0.3331771928669054,0.027882870602865206,2.0479774043585732,1.9180114833345443,0.7841518923227092
5.372517757249187,0.04591219868091969,0.838861215639559,0.23560324811284658,0.3327978319060245,0.04702732719718095,2.0929908819010152,1.895467711551021,0.7733350001663509
4.379052233216388,0.05068955905265103,0.918515618794504,0.3790092552817588,0.4047353048716116,0.05730597807666891,2.0685839706790565,1.8972355494928286,0.76073649359408
2.2882688636297956,0.050457225948068146,0.5080623859972309,0.2702834867654342,0.29001949202482147,0.005180202315407494,1.9974812398562178,1.913660995105564,0.8116222913192083
1.4101666529344659,0.0226246657671452,0.6748326276608472,0.1761115101130885,0.32636850848273835,0.030811948983527567,1.9351776952870905,1.885402236877921,0.8249952559738483
2.8247171755994303,0.02366961496438859,0.6328336838141775,0.46782992149838515,0.2034228020510134,0.022294763926309667,2.0172058436382176,1.897032954892861,0.8419811514182219
5.0332809719652225,0.03856155620612013,0.3683352581709041,0.05837505903833202,0.3365860441175348,0.05402752423059118,2.0766670702677352,1.8745716567934534,0.7949964335972071
1.2630601545685352,0.028317306837281543,0.5414006708847119,0.3954799747427954,0.14653713219087072,0.05229616127387707,1.944943164112535,1.8747102711607118,0.800453762255872
3.7577084833000325,0.03793742281045173,0.6314564329707814,0.44580451748702343,0.2180281625833889,0.01720480420792585,2.0439855402760516,1.9092318358414366,0.8259733128826633
4.384687838767901,0.06294429421836095,0.7622702193500452,0.3285240551298997,0.39774172559992244,0.018091576013195897,2.066494749322095,1.9174442288894658,0.8023041668065964
2.1728837942111907,0.03756403001285849,0.877483301832856,0.46463117848330404,0.24842427790878094,0.05839951732810647,2.014616532463764,1.8805719863503374,0.7932453994651613
3.1406343391652567,0.025905109320923988,0.885752826021901,0.442123067106671,0.09710527150311313,0.04335630465978978,2.0323849882442144,1.8755160961545456,0.8301982510064734
1.8280177596916052,0.030382734471176048,0.3223167322665477,0.40539330749325947,0.2568084108038734,0.048540118294119056,1.9836457557937677,1.882926187758253,0.8063179624126923
5.474940273659348,0.05763660406340068,0.3021743992283918,0.09692486730512723,0.1734489550042067,0.05903336557652004,2.0887213569197125,1.9052771585928325,0.7496112892062156
3.119325762795157,0.05017040618617628,0.29526816009088314,0.14460166444890177,0.13970592363983173,0.011115299735046439,2.024160630718442,1.9147649176118702,0.8353955951126764
4.126390285741717,0.03578807831211954,0.39770826988283126,0.1386446508188273,0.4793625790207618,0.0122482594418502,2.068466131337778,1.9101748853587992,0.8311129120582315
5.44441721052025,0.055785143457645334,0.46356414582709127,0.07540809721678589,0.36565967614261935,0.03188022228050561,2.0810625095426394,1.9161146615386178,0.7689525583602861
1.2745425112098072,0.04703488924348983,0.6465838023416173,0.0066171619911021455,0.19043422609278374,0.013509679183046821,1.9094942112572317,1.9043206726984316,0.8468482833353953
3.3157197548095603,0.0427841286756869,0.6248780144630396,0.36612477174629804,0.2650582938444701,0.03542510004612924,2.0329472501167944,1.900756131264258,0.7996933065562797
2.199878985843278,0.04749652924279096,0.33822593161350656,0.3530283687457147,0.45810230156488246,0.003954641543460228,1.974474831451566,1.9141787676971602,0.8254175534608994
4.513961303422592,0.03489363556697876,0.7557509232259296,0.07334765103431098,0.06575144232363275,0.030861754247485575,2.0750876945426984,1.895175169220533,0.7991805761793964
1.6656030055003446,0.05206037993945216,0.8762485930645173,0.06381664375689487,0.28570407315299057,0.007422219529281267,1.978351201679547,1.9097645764118976,0.824373117652224
4.238569979157358,0.040158763592724515,0.5163491631634751,0.1632378028281408,0.32938584272625715,0.05347175072765473,2.0595196040324577,1.8842814049498056,0.7847718768097132
1.342827590607045,0.05667639368302012,0.41800074797161446,0.07022396834755522,0.32316936855872824,0.05100137322907562,1.9545947203602936,1.8910836727218405,0.7935950694223137
1.038477050371512,0.05436206264818037,0.8793516025534807,0.2694878508803791,0.25480539065226776,0.03961196651702334,1.910645944104525,1.8897808038113568,0.8170656971195132
4.941315688455828,0.03410155955128158,0.4757379037048656,0.28640562539748726,0.12527762182606889,0.036264598250373085,2.066385887160867,1.889419529889249,0.8071063961157504
5.317191289385968,0.022814236460372745,0.892647711528561,0.11910005420656106,0.2785521416380113,0.031042019684286007,2.095700103691249,1.8641046228836906,0.8497434981687758
5.346934927824694,0.027449176468461074,0.5805238504978549,0.39173531399817735,0.25013772447935695,0.006632063489313051,2.1288754354038253,1.9089607833013866,0.8206320641453332
3.9332664036877487,0.05414886342722884,0.7200573118031817,0.08810458322436815,0.1828300115485306,0.04145632176558669,2.0585375980978835,1.9075567090048065,0.7673967043685418
4.578780977786646,0.04600312048811736,0.26119865346459437,0.06583426884804773,0.3571928320699065,0.028373331957395467,2.046142875020841,1.910166321549307,0.7934398222516502
1.8962539302826513,0.02814741164257503,0.7161752075489848,0.1966440937804827,0.07477720856447155,0.0448627442834525,1.9998878935295308,1.8820829538489006,0.8098372474374705
4.6207312893927135,0.05353245421703212,0.780421202588109,0.06738882554756583,0.34333585814325146,0.023814087367698532,2.08585326573125,1.9135696796727815,0.7836272123755648
4.84915241032776,0.06314762876788688,0.412396114600153,0.11820443163385655,0.16041146574806064,0.039216592379128314,2.066234094279455,1.9177391495874574,0.7594930746085624
5.059162596761032,0.05732092516762047,0.4796086617858011,0.2135273824711665,0.31510452609285233,0.006019758355513311,2.136683001593114,1.9157176753555643,0.7919164441709897
4.9724488189343985,0.03507633855418793,0.4349369466078514,0.47968282072333285,0.012110134736363297,0.016780646447889083,2.051186867205731,1.9091081774988055,0.8197735922537079
2.979938231712157,0.03928509507924949,0.953985093305133,0.30334309855007435,0.36431258499768665,0.05202482082309982,2.036642563629928,1.8858183765885104,0.7908118799956383
5.508847210469215,0.04999977166498579,0.6624901022143289,0.4358171571210453,0.035579121594804655,0.023257352413111776,2.076120516996756,1.9150726238190479,0.7880028257203677
2.3888103483758547,0.0446215738156364,0.906064574134565,0.010622536568467567,0.24729150051671328,0.04758275119274536,2.0313152575989544,1.8916837151823582,0.7860510314626967
4.32856174727729,0.046122599013996034,0.6599969078053569,0.049570629306705236,0.3018632327151823,0.011423685318759182,2.116639418856593,1.9124583519722924,0.8040359348313709
4.632500442500738,0.057245245161211294,0.5924660473946047,0.4616443629136182,0.2790848813851103,0.034069318316862204,2.0514417132044866,1.9155868353507044,0.774199618976586
5.667262688297666,0.036745577631232595,0.867962150865843,0.2328151759855216,0.21175809702885287,0.032655614550162346,2.098579602967595,1.8927461497699376,0.7970173807348501
4.084738319694984,0.03885820621328953,0.6171661999918416,0.1832435328896404,0.1088828935919484,0.019142813735992227,2.06756357861713,1.9075416052575824,0.8133772280406857
4.661936396804251,0.056499405728198046,0.7691847733951006,0.009398335895767744,0.3032104553530416,0.03614188641379436,2.0796915909595373,1.9123256061064917,0.7626143644493324
2.6768377813232354,0.02383609645533794,0.6722587011911769,0.04452753297552247,0.3671775338424175,0.05490556351723438,2.031104208032758,1.859931623567271,0.8353864896024995
5.231485140853703,0.04988998583352709,0.9023867214466583,0.14099060963037882,0.013707247027180465,0.027030712117404137,2.0966368752348616,1.911046063201747,0.7765210503366449
2.090295505932515,0.049333573226265186,0.9298280421021576,0.3945245750464123,0.4278701264752269,0.044616802523576866,2.0060670553501723,1.8974105753119124,0.7918679904747601
2.706190985929191,0.04544807847497281,0.7550584543637142,0.3625800811687975,0.3810377386050852,0.018527854452860176,2.0189648824143593,1.9105718607735227,0.8254377777813893
4.400498649878877,0.04213725211355748,0.37140083461214013,0.12797218409380273,0.24033405536173766,0.01961801254244857,2.0531068512968513,1.9112104259451168,0.8093296898632327
1.3042357981870696,0.052148417047795506,0.48200227912201227,0.4547543225072909,0.4412745914128594,0.004483844060390651,1.8895966473935981,1.9131360514072537,0.8602842232267938
5.288507898539507,0.046992129939427724,0.4708942487482909,0.13213958766512107,0.1431096379217165,0.0574618094971168,2.089093922706501,1.8866815616625443,0.7722188750364325
3.8284654543363534,0.03671969083289493,0.7758197141664687,0.16214814262639438,0.43934980258116474,0.054539643579079505,2.055571189336708,1.8783795195590987,0.791457438980874
3.692440613584428,0.04831081038422115,0.6520258540822087,0.27457127286251515,0.4751628036510965,0.0536262840874994,2.0472156404086084,1.896942927374671,0.7687666647901553
4.002817787349068,0.024734136940149358,0.8357514860380153,0.4738011741996344,0.322070488486273,0.01065244188842102,2.0781746743660343,1.905889938871956,0.8436238052297734
5.754384132959249,0.022916238893878088,0.7062123348590508,0.3595333334603144,0.11517010871883905,0.005422180205421225,2.181020620019295,1.9052457735922073,0.8258763350572618
3.510436653405774,0.026145505294964094,0.7346318421085241,0.21005763946769135,0.35319775384368196,0.00275556062950173,2.157645929496108,1.9108859077611102,0.7599129634335677
3.668755714017656,0.03515453824247326,0.26909318997585707,0.10061484767577374,0.17782617182337637,0.04787406374375887,2.0373602119416483,1.885309805424012,0.8018104066293239
2.9114550229635445,0.05292804758356422,0.41422474759485395,0.003604987070002413,0.0092099846820192,0.05640513090857929,2.033538151481383,1.8954460782103424,0.7692296143280156
5.3026919095085185,0.04487905065110785,0.9220326278289707,0.44358036692405206,0.014012329130339927,0.02372497824717141,2.077663610778379,1.9106864424927006,0.7922995401109879
3.9681733134860915,0.029829612704560634,0.6635924214964702,0.08243424526916494,0.42335398492010873,0.030712438083537946,2.0582086997167677,1.890806093725252,0.8148548989325911
3.49965593064322,0.0493411669990796,0.26677391478538315,0.08987629474504052,0.08315203056987684,0.010881540636193308,2.0497971695119634,1.9143491587356107,0.8392804323033137
5.357527152596116,0.048640464528465516,0.37786395698146436,0.45515404265606796,0.07986334799211335,0.04799378483132344,2.075895417486901,1.9012475145091507,0.7735986483635644
5.775301761257268,0.044540670493268535,0.5218985456836767,0.43015485691904176,0.4306775392424368,0.010539732236314065,2.0917837126871,1.9156088478664484,0.8085301869408894
5.490083152816661,0.053307272900968594,0.612565238275276,0.24918558569200033,0.4879103067777836,0.008798319582920468,2.1252262993823408,1.9161060129771537,0.8009471633607137
2.2722534776473498,0.045542282319671556,0.5675564691295034,0.396404445145159,0.45464424233576856,0.0264011244097182,1.990116418760292,1.906241516539603,0.8210244748443618
2.77407637130656,0.059671367421268884,0.7320848357351741,0.2459859409148511,0.18388825218469695,0.007588977477581415,2.059618780817425,1.9147866083791534,0.8156963855246396
4.356463222879806,0.030618928123549306,0.45410513871450453,0.19976049104452773,0.3897293614495549,0.02195967420556678,2.0549169636486075,1.900573362197529,0.8216609601410064
2.1105926128427157,0.05326833626037668,0.8253533007156931,0.004701492727497552,0.38002375496494817,0.059838946847465664,2.0237338554268955,1.890215892902211,0.772505339312265
2.0091646257901035,0.03497078158451848,0.5249250926189268,0.145627758975805,0.15378861484455011,0.020775708328760342,1.9722962148752612,1.9034473279995168,0.8253112132921148
1.9556093178948766,0.029090423017695093,0.9942123470116687,0.42537909110158006,0.27680608205213175,0.0580308260864761,2.008589658957315,1.8727963993013386,0.8065766378450446
5.36241000997718,0.02890321501351751,0.6484307702249468,0.13767315220245419,0.3724295686773885,0.01626293972023254,2.103276494790067,1.8995237291511666,0.8180095047981333
4.798186122116117,0.05370773065074977,0.30701174817019616,0.4069841473607726,0.34462900638817096,0.018896551129264957,2.0400201477335127,1.917970867287653,0.8059262111378528
1.0559441697997745,0.05943177256560278,0.4668425424425508,0.27311692199850396,0.4904244601569698,0.012631895111997714,1.8628387028469626,1.9066361676373171,0.8743376771655826
1.9074769691234224,0.04944587475302105,0.607533699222995,0.12378777393011783,0.2848699295065449,0.03697519910321893,1.9895354952300341,1.9002418690701108,0.7997865774137648
4.010909280371507,0.04876369476161636,0.3432695383084586,0.018104637907240224,0.19277366695220574,0.03934615646272188,2.047062141919441,1.9057609583027806,0.7799476607011299
3.708196639134543,0.0380204319164905,0.8454768802358182,0.22743586793998213,0.4178087332344119,0.021441534039479133,2.0637150422137114,1.9049168361046116,0.8126110161027948
5.025206243035705,0.05640058280548309,0.9935598876146495,0.20854342149630187,0.14995428739705421,0.017896476681645748,2.104945740423173,1.9160581722194303,0.7882671259141606
3.420925010766239,0.03451226172322534,0.8477565665913283,0.09815621565055598,0.28999617912420084,0.04151341702597539,2.0514652061306844,1.8878156816694431,0.7977847506594612
2.8323261408268445,0.032300600938652696,0.458715142463584,0.2789998099983927,0.13536787978856138,0.056896479170244284,2.0254812333391805,1.8739095758212665,0.807078610488485
1.3937137207623986,0.028077377720640475,0.6741853301948696,0.09737383961319446,0.1575030651793838,0.04381190087877953,1.9550769044060048,1.8801028438310259,0.8025183246985516
4.101138250700877,0.05385058520042113,0.2941756473924558,0.48429390397246297,0.4635486132649465,0.051527429683004236,2.04093643792991,1.9056082274609203,0.76498453947029
2.07166143753719,0.024341225627064454,0.5916352767410779,0.35197551153980206,0.1193417469217087,0.042487471592050956,1.9989788231350978,1.8802606632670882,0.8222179952863341
5.161057391548861,0.021362613722520796,0.5326993718590072,0.4836225558493445,0.3902870104590746,0.027230294375929536,2.057885302819522,1.8737823123502528,0.8561014913806472
3.91317717106862,0.030454181835109367,0.6571340221221328,0.1424839565201598,0.4914830918663926,0.036767100282353714,2.053098846317006,1.8865294764206835,0.8120338152388428
3.3463324886657237,0.026044227572617065,0.5747426656543627,0.3479146610492307,0.4935510180126874,0.04733963882507778,2.0302308720372344,1.870269481493765,0.8297514635292637
4.534721149553361,0.06429320211301981,0.2767308167091693,0.038524775375707976,0.21341749774826482,0.027105161203242904,2.048733660838114,1.9194291671239216,0.7803775372139908
2.7605902303749863,0.020670445290688844,0.29661757297170643,0.30566344103765447,0.10423568022868233,0.04999788039591851,2.013961011316456,1.8605617351471013,0.8542510480165442
5.074487210192287,0.05472435901531453,0.6679206935565096,0.27670914988176076,0.3830331213807349,0.006941934549604896,2.1429317155756773,1.9155872232781657,0.8010952392988746
5.01090962163238,0.0474233456207329,0.45335658991212135,0.37243262767430146,0.4116452718166097,0.05711413304399583,2.0747452616819166,1.8907012542621433,0.7717522628786374
5.554006929427988,0.030977454262308447,0.2509902832676542,0.0219997783002897,0.004517462377998327,0.0541462559215205,2.0811273558501053,1.8549380606142936,0.8382352723448745
1.6290700953993433,0.02033821150380697,0.6267940122684115,0.0621597184401504,0.18661226674572964,0.05553792159979613,1.9920779327548868,1.863816111277966,0.8268742959674984
5.257228597469679,0.04666645025999178,0.5356818150645143,0.3715599009210973,0.11234355772382622,0.014332419899866531,2.075771639841308,1.9150328178398714,0.807425107090368
4.988375565572916,0.029783555888205082,0.2804791560853456,0.2672937646866386,0.30531923917581394,0.029583421181425477,2.0511289826608685,1.8905963321498773,0.8212358526585237
3.4492044843898624,0.03421046999824262,0.3327169732596068,0.41664316224703885,0.30243162870951645,0.022652586668923457,2.0200436880098604,1.9042560826284363,0.8312973431367378
2.293733374286624,0.06391307479598948,0.7423453146604504,0.12987659767183685,0.48331862553816596,0.041898547232300215,2.0201894488233902,1.9043256968045768,0.790058375957553
2.6950773836393784,0.052249547563907525,0.5794434958739565,0.21295396252864854,0.4860357884482784,0.05274032412586986,2.025268240771336,1.8951216158862463,0.7767440153382102
2.8625785535893913,0.022202183464964824,0.3027704696459951,0.19343538382091227,0.3828772431216128,0.024288255025370614,2.0137622374534985,1.8935863076964643,0.8469534360359937
4.488272593305631,0.0588958711278485,0.31197840759929074,0.4510601913618569,0.14537091921045847,0.051949430754500335,2.054745678265052,1.9108613274397976,0.7540378801179559
4.044428624541746,0.044410540495073605,0.6914321675537124,0.046657703293998515,0.4253446488493962,0.018707638250766472,2.0845053978491555,1.909421549324288,0.8072209307429377
2.333151899569005,0.04300694287379728,0.2561338625044249,0.20117237580727185,0.43814481623973284,0.02753739271755019,1.987834487388653,1.9053957315134262,0.8207941685666528
2.017091711663593,0.04530888849776058,0.431087788756173,0.19092629406444214,0.022316733987527412,0.03146768614513547,1.987240007544965,1.9025218683856688,0.8115816490277783
2.9035823219185963,0.040938964099721746,0.9316603400215486,0.04197848004855254,0.017437338344246944,0.03028089746138362,2.0506380674190186,1.8997207734647603,0.8032967182837767
2.799219467649854,0.0346355012543107,0.6847527044237103,0.41161999210336675,0.10998699232662511,0.032998323975459924,2.0200446390644586,1.8959282864354279,0.8140227693904388
1.8150375668965872,0.026710767374099394,0.6855973079265454,0.4941499717957451,0.3047087392751756,0.03754843299725617,1.9738243863124139,1.8870102297593896,0.8172102247961159
3.309505057922878,0.044186024081564,0.4614006822276928,0.18695844151282612,0.31344726943778967,0.00333830748328638,2.113842407156519,1.9146747214835091,0.7788882103326504
4.679257422779346,0.0320674956732728,0.44777689916129404,0.28990516920927606,0.4780293219416728,0.003399297898259607,2.1567515346603296,1.9129413858522273,0.7991893859134604
1.7127424595833016,0.029399311640376184,0.5648944154288197,0.38115812275958744,0.3215819709957947,0.02467168879672361,1.943419095444777,1.8965929590275055,0.8316709360416956
2.038646907559956,0.060759810210275184,0.8807166311006346,0.030431256410430887,0.47148131445725394,0.0444696512880014,2.0154249803638318,1.901436254496575,0.7865074612582015
3.0912235653691256,0.02202462156395499,0.4489312784819502,0.2757434272974196,0.09169315335754508,0.03857582476770363,2.026684993489902,1.874735724620617,0.8451456211451186
5.712046276588336,0.042460299107306115,0.950438856509037,0.3808118454962572,0.06690934776657503,0.04261466547714448,2.0936799529559846,1.89263304222046,0.7855433523675801
4.75315623341929,0.04847683567412856,0.8745068086150627,0.09254540486907954,0.2048902194630489,0.008753041797305357,2.157812839199735,1.9128158063665721,0.8000332063879784
4.144890395210785,0.03822525515314346,0.5466345079181756,0.3311746984418331,0.46156668666401296,0.02532623617723104,2.04514546250885,1.9052999076709398,0.8088696364325075
3.477345073696685,0.039085225437271415,0.4988322139803982,0.20023081750948524,0.015979813546990282,0.034366114161702106,2.0368521958982306,1.89869893543565,0.8010458403929456
4.501294466956898,0.04273849055001698,0.7136012807604117,0.35007058299937716,0.3881998074231065,0.04343325955699147,2.060246890142486,1.8970568285900065,0.7808770915782008
4.43141731496564,0.023468860609676408,0.9353107417073716,0.052148041631080826,0.4881837532955781,0.011604003278026628,2.1308337594767215,1.8990277519514018,0.812355002315382
1.2013347348302155,0.033633293325220665,0.8293846138622317,0.4097318239792003,0.41378453851617836,0.04880789908784089,1.9332262960727018,1.879339366597054,0.7977891539860792
2.553997862019414,0.039606706508095224,0.4069511948706224,0.22614096418177854,0.18053171641828586,0.047216251358317744,2.018039192546783,1.8894600012947056,0.7973318287224425
1.8565904613511597,0.05817578202179895,0.9138185514586903,0.14305164649726526,0.11468779984909842,0.058730735321158044,2.012395389971037,1.8931877797718346,0.7736696305129507
4.1371429450730925,0.027310894507822175,0.42547360303528403,0.3408701790184384,0.28274074309347047,0.04019132914817349,2.0413613847459233,1.8766459431074987,0.8288726581998491
4.556775016236534,0.032016482701291926,0.5783394332199329,0.05143332171398034,0.4219040054660566,0.043109290924136866,2.070251693252063,1.8776900614725223,0.8087828084744809
1.1019902760480893,0.034738048074238165,0.7779081194333628,0.12139817511976472,0.011853499843979319,0.057751767626598234,1.9408995039650334,1.8740816315917677,0.7860861272350567
5.061694476834711,0.03445425354611412,0.9477017873858924,0.022255968531947112,0.13279903597001003,0.05043199226708545,2.0977122780462403,1.8659664488460612,0.8047003411469992
2.7482864274759304,0.04173548778519795,0.9769633777906411,0.014168017956830937,0.029530759156946425,0.008132539535347628,2.097223635460792,1.9113891102442828,0.8059881416891292
1.516125477555426,0.055392058969547145,0.8654665903130707,0.25631422766592477,0.43622840561159765,0.009802964476811383,1.9285243556305667,1.9090638924646257,0.8362748015349009
5.938809141587602,0.06438638599002665,0.7189817162716585,0.31330823738394353,0.10101153409062544,0.025933192115217513,2.09757465656301,1.9222733651087216,0.7704350381761028
1.6809331426886873,0.05878879805462289,0.8595944237952199,0.0029026773078118157,0.39112749536917557,0.0041906907651423075,2.024130030070326,1.9118968320002157,0.7979781130533208
3.5496584642246436,0.05364800647846679,0.5817508584472759,0.45331311357301035,0.286018342223414,0.05648873191500742,2.039849675167394,1.9006598165383704,0.7628927926140634
1.9140580992547545,0.05802146810716641,0.7854851989604387,0.2072161852957837,0.0966159982135923,0.053143414922457215,2.0085608501638634,1.896280017057302,0.7818882823812993
2.6645316520288724,0.04516670335338994,0.5595912130675713,0.28898332787327774,0.20583502388842487,0.01663029995028141,2.011745773055184,1.9109395472028308,0.8302914165358793
2.4439009258377604,0.05401260072566544,0.9615454331868325,0.2341587788516329,0.04771321637408807,0.05285848296812046,2.02767433957623,1.8944479974836947,0.7756771949235428
2.0609388072507686,0.036406733628327886,0.2601899165080623,0.3540335073250015,0.3746579249560376,0.04527074411198218,1.9937261518785716,1.8901714079702578,0.8034801003075978
2.685474825242765,0.061688920919401674,0.2891186159888039,0.005097276666088389,0.1421953975393457,0.026685889264953785,2.012922352117801,1.9106504150220387,0.812513129837137
5.080873703355362,0.037176199420331714,0.380109707535066,0.15035364677592844,0.49625181887975806,0.024948060318582925,2.062987038373567,1.9039582427416775,0.8064473898186066
5.407311358279778,0.03112678701077062,0.6297291302134587,0.29399808264247224,0.11311000441985794,0.02349850179410074,2.0765929779668144,1.895748873502282,0.8158747529398013
4.543834264462571,0.036115781529149446,0.2784076021826539,0.3924547465455308,0.07877778250795028,0.036553134796650455,2.043143098020767,1.8951025092108051,0.8041868105621951
4.491821816703087,0.041307837550047154,0.8532101581430959,0.49082258652946853,0.35951992773083746,0.04971850865187854,2.0609882358504588,1.8897394970969594,0.7849810829120863
1.6169248329278294,0.06469632858008559,0.4499570996274391,0.34468314988079884,0.4244703446748516,0.050247144214850964,1.9732066420148817,1.8985192215240976,0.790947380895579
4.732142646776818,0.04922358154137056,0.5349154758414093,0.1977629479231258,0.25145405302286167,0.022490434083583814,2.067576467215968,1.913363106006252,0.7953746858374636
3.903424551310825,0.024895344907057824,0.3564523413623974,0.251501963180804,0.1726690982019365,0.05783500486165533,2.03929592240075,1.8533554740795761,0.8487333546893323
3.620406119544982,0.04572528793355271,0.39386744842336224,0.3386949108393237,0.12135730165771265,0.027636186186995582,2.029911787714223,1.9077305347954179,0.8071353740090306
5.3829417913958,0.05179744173174004,0.5013427088859066,0.4601653007071931,0.08767621645788057,0.03833246313235867,2.0711574558258565,1.9113793296981207,0.7711943386385529
2.154599770275887,0.06103354752895959,0.5869791613463926,0.0084368614475159,0.37302394255526233,0.026867529105669054,1.997147987989818,1.9086894347858325,0.8106090086150707
2.605190930038893,0.0538223176574687,0.2870950562948366,0.050957575978081274,0.1364184191878885,0.04626194083322962,2.019123546321395,1.8991014296293267,0.7849171075996644
5.543414572527159,0.04074216837201946,0.5943748237927171,0.15764797402504285,0.4299593777534791,0.055164009885671696,2.0933451452818423,1.8742518383183349,0.7920598283139579
1.6792480271151362,0.04915770805191555,0.6261770456229909,0.23886381375333254,0.29820556716287777,0.053256107699593644,1.9901207515017123,1.8913918359406214,0.784460244295176
3.226600499330286,0.04051880764571148,0.8561026463684405,0.44467895960543546,0.37915712158729603,0.025784491688721163,2.0330098591773824,1.9047310568104254,0.8144346047362326
5.1227254797918205,0.06038653323311717,0.8867617817878952,0.3412173480609845,0.26830135384294906,0.021316346539608767,2.080306414231335,1.9187882220133736,0.7866010928564183
1.004554257572782,0.027950824765536522,0.9199552056639212,0.0698085937127529,0.37830275973422606,0.01846365988375565,1.890479479915838,1.8951691927537164,0.8482566078001692
5.422161190587007,0.031069349010164175,0.40057479861905254,0.16040538614933933,0.36189448757920123,0.015680120129567602,2.0791329056654577,1.9044090646662886,0.8155971809942517
2.7324215293672665,0.0640517607237605,0.7274908591740763,0.1562913282872945,0.24579409011761452,0.059418659252243225,2.0322438292192953,1.8996528956565455,0.7601728869505407
4.216724585509588,0.04370746682395163,0.3473452256675278,0.13500359498296086,0.36234585889145765,0.03174350929525075,2.043675434696586,1.906699268007136,0.7931146785168091
1.7243388025370885,0.02971755305099366,0.5181398805309047,0.4140253109434162,0.17491896847997088,0.010187279294502607,1.9303839871482085,1.9075708098515438,0.8509882017073972
1.9442692273883226,0.0526003425087193,0.7602206902595736,0.1251387717171578,0.052239777843595125,0.04426497638718188,2.002410458220865,1.898251949909837,0.7887022402925574
5.88418418846095,0.02847681891934034,0.6157917312377283,0.4419185794268453,0.337541414804155,0.00261537984030143,2.2074581995282245,1.91164577183566,0.7870899872462798
4.819962652699736,0.06126348228340797,0.34844053333536684,0.04811686545565801,0.27166582397430106,0.04505380481449738,2.0694061937297383,1.915393382715467,0.7527556132220569
5.604319216195717,0.030773030005087566,0.889798581915361,0.38263234003921454,0.08476241395002541,0.039575601540526695,2.0871842041878206,1.8703405925089909,0.8229504840541556
1.3794787867418714,0.02402995671899191,0.6593750210723277,0.028849368754784464,0.3708750801145085,0.014171950732132298,1.9243359516746663,1.899410944160886,0.8432024537290977
5.727618261489911,0.037729603202030976,0.803450631823421,0.027009946384644892,0.11675485551645488,0.01078918234303564,2.1675118821171115,1.9081877385134016,0.7945006875981061
2.653739902101919,0.03327035230573486,0.5614167227211748,0.4952666681663245,0.14006301709844482,0.030217230080217407,2.009864880850901,1.8978178405885686,0.8203201837188939
3.276246741730846,0.048843723498689845,0.713148285850413,0.18982602608915955,0.03261131898388463,0.035022111754764204,2.0419543599235395,1.9039245902085902,0.7909828103149553
3.9598522999508052,0.024487544427709146,0.9867878378179441,0.32066785470836023,0.17144084408577412,0.01609745174511432,2.074391100634347,1.8987639993716166,0.8315453172351612
2.584492264899665,0.033857503571597704,0.9666891123456829,0.10955210320146105,0.4474761876984975,0.05373121361003942,2.0346434154320368,1.8777006872475583,0.800619865899495
4.905409633021072,0.03837975648486211,0.7214413188767016,0.2256309203558069,0.09850385531870681,0.01895971767047433,2.0883184983363807,1.9073344176359084,0.8024162203449834
2.3973682393742353,0.022507380156945436,0.8185464891664735,0.23112699265158929,0.2571258121525376,0.023599693673144004,2.0118481420425383,1.8945260307911211,0.8339207703020984
3.1596464791181154,0.05521313328425542,0.9553147632122757,0.04303486921138805,0.14196421944063783,0.009518088224320955,2.1067315674851628,1.9132372220646412,0.804946312968623
1.0166320187829416,0.052430006925761455,0.6206491595559157,0.21874838189532,0.36300657178041845,0.01220553385441328,1.8661632355085833,1.9060051099765596,0.873530194468546
5.958852844142706,0.06270673900329929,0.25492157377518526,0.3680735060676987,0.12715272855244994,0.03722947942569227,2.0744578978487778,1.9230821267690963,0.7592326863041027
5.975586413605753,0.06235343161471889,0.4081158248615583,0.21630805102298858,0.12609711884482552,0.030548141235759312,2.087417316209169,1.9223817123568232,0.7651149832849563
2.8709403205041792,0.043362588947073746,0.2638429623474282,0.301001932543267,0.025921230295271814,0.032186545203640636,2.011080590825279,1.9024581853789218,0.8109867286701222
5.960968401411174,0.036569495818608785,0.31469086211424036,0.17372125284331838,0.049593699095169384,0.0429480445898513,2.088516792840818,1.878577358531856,0.808977268841048
5.240303271874181,0.038966099368636986,0.38250925584873774,0.05924022085854401,0.2838533117680904,0.043613299432010505,2.0787105139300346,1.8879097925202344,0.7934372290480486
5.874947709771707,0.02207393337111601,0.8201654632640554,0.36405256102813516,0.33581718205493705,0.0037335114100972375,2.2171518981435727,1.9060919115602084,0.795642696388142
4.641371806518839,0.044034744951798765,0.7395256794380067,0.4026314679371758,0.24241310791335333,0.01042136991270446,2.093306145982559,1.9130544071254265,0.8211050037237136
1.4700381382442025,0.02956500020096057,0.3409906649356169,0.11208112528376563,0.18728760912522693,0.05052069130381273,1.964036973943173,1.8788177766571401,0.8014105443695195
2.320706154945417,0.026990809231389436,0.36952005846482455,0.4779702753041108,0.26229909190713335,0.052199255813919876,2.0071446816412735,1.874219607037133,0.822640534506874
5.689513277533612,0.045770953901934586,0.704547467189664,0.32693582370951274,0.34724015323285784,0.011829018061938496,2.1085166795330705,1.9147081125484238,0.801806322746205
3.8913876695119423,0.06355890701428517,0.7792087761233477,0.11502485472895331,0.3554246095251663,0.03768245714401122,2.0574576680721357,1.914051576264157,0.7669573247368746
4.699952806428399,0.03247318710070198,0.5373483603378341,0.4014671966035524,0.06731920208763,0.027767830933696176,2.053276759359874,1.8965704276189825,0.8151171109442259
3.2368163728682933,0.02242523128506326,0.386505244201859,0.07257614968862994,0.45332151488894595,0.03589433894074204,2.03182766178073,1.8780148150186553,0.845547217891703
2.9385778212300995,0.025202581890133947,0.360977214484891,0.04231172139886847,0.2100103104583346,0.04276119108942254,2.0288808262811657,1.8763313044932626,0.8333470174738633
1.048347600095258,0.04395784728567071,0.5520454165551436,0.3930522001887979,0.39663528793445585,0.033753488641197954,1.8983987837131553,1.8897042124412784,0.8264328067336513
2.1271359747478096,0.04305760497261453,0.9607187255276917,0.31562019911305644,0.2973406019625377,0.001954220671705364,2.098636395957978,1.9126485645955391,0.7436006249473
1.6018717038374775,0.02908235336457144,0.5712038807582789,0.17720867433429358,0.3515292656325295,0.008250654362118737,1.9300616749228536,1.9075520416585054,0.8401529038958735
5.095567867623373,0.021075008390451587,0.9530195771147353,0.4470869154748182,0.23040136171193784,0.025296414536723186,2.0744090070080725,1.8752565445011913,0.8526264743057574
2.464485590937607,0.031194341197580452,0.8622831420551835,0.304418414237681,0.29179865620354845,0.03711154844426158,2.021940306303467,1.8898378803056062,0.8157794113012682
5.797037351107801,0.03289471724600388,0.48596841182973044,0.07607672325175002,0.2382349731573852,0.028566250814625983,2.0927810920110206,1.8908571281161937,0.8103444050559571
4.449519825765821,0.06332092959738471,0.3054821719899562,0.352947597088921,0.13197683876022687,0.02842637060305709,2.0393775375436536,1.9191724566542856,0.7836837255308763
4.0521255748854,0.03178367731467509,0.9095210552631099,0.34862082049504006,0.20710056861745965,0.004345732342663229,2.154636173813312,1.9119308567971238,0.7835259077402673
3.005952490019383,0.06455701921171185,0.9329693031878764,0.1943277535311378,0.42628790672302935,0.033976064309240904,2.0411520704275037,1.9084464024985373,0.7918111602209474
2.37532501467629,0.052942475753905274,0.6106422594773662,0.4155938023726103,0.4469064239694673,0.029769313397077526,1.9990121976768902,1.9074438675525927,0.8121790679032909
1.8401671041514187,0.03233344658806304,0.6999955357946486,0.1419222048452359,0.48532110953536495,0.023984274039278605,1.9666754184768487,1.8984630764939665,0.8223811042192424
1.5833634698141101,0.03285111602017497,0.4429047360227209,0.3696741138050536,0.2637535163509125,0.019906536498036614,1.921272559289934,1.9002213461125501,0.8396945734081549
1.0869618617278638,0.029277681036290703,0.9847169187870993,0.292105063891164,0.08084651144710324,0.029993078545864044,1.9052803376098326,1.8864249133104334,0.8245331726783921
3.190162970583936,0.06346574138536494,0.8322425582646161,0.3858363166051654,0.12948090425320943,0.01610893240236899,2.0451602553289083,1.9141584840612251,0.8309085921666942
5.648810701043193,0.036976078683938,0.8282377300534304,0.27234776748637085,0.07366376189804702,0.025042647881437348,2.098265928727781,1.900550423540074,0.7980547503392016
1.7909217969117857,0.027199273870287644,0.5560281652471646,0.025850696027516686,0.05376896983316577,0.01377566751424585,1.9593098680389427,1.903378432433565,0.834232257954592
1.7824693880480516,0.0636938282800742,0.43896767875807396,0.2377773396754723,0.041792013654618744,0.04384670655970453,1.9856737996735776,1.9015027430387912,0.7950563235983941
5.005411652801226,0.04801093012535861,0.8456406465582991,0.12860684897293767,0.1960761155858674,0.01531571109711221,2.116563461301904,1.9131530562078096,0.7956427677424862
4.273951400652233,0.025809438683944672,0.6018368327539438,0.20367601338563412,0.4947210964853855,0.003892752971304622,2.1684867996069914,1.9102240123818592,0.7852871954227921
3.03592339507261,0.05498639145415431,0.5438894109102776,0.24102673070993494,0.11042726854383848,0.019722355892021853,2.0319148553548096,1.9120071088576784,0.817990397276141
5.811596921853879,0.052806165708335365,0.9402462299709775,0.0018352333891021942,0.39885440265993233,0.009350239135719089,2.1964498363041565,1.9129514919531374,0.7903361293502992
5.581397725444322,0.026861184188248427,0.7955079387298862,0.3870664645766344,0.4991396457935823,0.010040206497547846,2.1198102198519515,1.90436546025117,0.8275162594914044
3.024001427676253,0.040161365047637246,0.5999405517506873,0.17480225942905708,0.08540136983048527,0.01387483237306595,2.0499689389796893,1.9104092208078376,0.8311900613114854
3.974676726510253,0.05631793620518816,0.29088190901417965,0.037545955772050804,0.10536685643546581,0.03285917083599935,2.0407208983705205,1.9132759308547258,0.7796796036983457
3.202371890187165,0.03188350736205125,0.7527321672554569,0.061183288610367696,0.09952641233391779,0.020147227577040305,2.0623152235850184,1.9016668559122096,0.8239297605785152
1.3151084089655458,0.03015978117968189,0.6444496970665763,0.40065180402308376,0.469163369542272,0.007198520529378928,1.8895874413258644,1.9081822332415417,0.8568325692685876
2.458889763143718,0.045646980023052536,0.9107082123325644,0.42375159085309894,0.4083612817808382,0.035303104010991015,2.014130703159171,1.901192958938496,0.8036987441126501
2.1855640624962267,0.02574727485877399,0.2748912676837306,0.18543137127251824,0.22446952873713838,0.004881943582930006,1.9545638859448362,1.9124137303745155,0.831297739745095
1.2913995947244457,0.0476557509256897,0.6052767530357668,0.3848897473488636,0.05782663579375192,0.04130759130323105,1.9351824963315818,1.8903963137902853,0.8085823111958901
3.7675516838181258,0.05858942140385655,0.9735585277713468,0.19188059086943787,0.19578698984553097,0.04891809497116535,2.057008498352121,1.907110992977418,0.756750800718675
4.198823019642332,0.060299950394364366,0.36413725708510125,0.10421893664005485,0.311551731428944,0.04985559341047017,2.0538494170013415,1.9107706478319122,0.7545821809457387
5.186730717605936,0.035336566571919324,0.6036949489966796,0.2615407710171149,0.4647546963825718,0.02652095010417234,2.0752062783115135,1.8994098989558919,0.8056157951775431
5.6381579766889205,0.04143025991974799,0.4391545905370151,0.19223143960389383,0.13811406852210853,0.04934431872005799,2.0906227876266796,1.8827259396136915,0.7906275857545014
5.109482101154601,0.05303825172267025,0.5266346941794621,0.11695605456970981,0.3992240616510664,0.03364806122424495,2.0744367433890836,1.9123272842570187,0.7729969713413466
3.630479926044301,0.06194138465210153,0.822096038550348,0.026092161905493072,0.028642956844622158,0.05111759088824142,2.0586846373500762,1.9075292327496884,0.7521872396623736
2.852698279766496,0.038129703076234846,0.3954629541747022,0.07765127101860989,0.4679913637908347,0.039431531972183936,2.02575361372439,1.8937295702341572,0.8050148758379373
5.6553231042229095,0.033197424350647285,0.7892137848342642,0.4999705245613108,0.31005108486798333,0.049591089005990976,2.0839816686208703,1.8631646458462745,0.8225940062044401
3.3391587653569803,0.06224545476662506,0.5894934293887863,0.485679121748891,0.35208454453990334,0.031307765696321724,2.027344589826309,1.9118615348438373,0.7980346812066588
3.648279967967718,0.059344072944586226,0.5883262995100407,0.2464402170406934,0.3172322104697147,0.0023598889100472503,2.1738986794922375,1.9148611694692081,0.7556798935461968
4.9910954266096965,0.03941984881244477,0.7742656822446369,0.4218300939947359,0.2667620709998411,0.03998562012839443,2.0712052709841213,1.8939991255217266,0.7918414161159338
4.783980015612286,0.04813568229005641,0.9249862718795461,0.17855167739142,0.03173027862629055,0.05162255698907661,2.0879339503723164,1.8958171154177677,0.7669000444055768
3.4042153951650223,0.046020288888896144,0.38996312152044366,0.17590857546783384,0.16550930426567265,0.020003934635081173,2.037020468751639,1.9099439077507359,0.8238111623902941
5.624686358638746,0.05076727531001465,0.6703562809863589,0.10722199260638492,0.08126546315967557,0.03467003536320484,2.1006747126611307,1.9094747284487554,0.7701127004122058
1.251491129170624,0.020861271312489174,0.6379895094361941,0.094104388402301,0.039914243907543695,0.018585644799686676,1.9136245030327168,1.8933517795485306,0.8429887322230318
1.218215938190002,0.02230991160059155,0.3987972092977007,0.08487508377450391,0.12362710974483097,0.05390543924804796,1.944816720260436,1.8683316307855313,0.8090369080890661
4.686694121226021,0.03621395191743262,0.9785583954099555,0.11341017184970585,0.21564737419035077,0.029071059871874465,2.085081803858206,1.897624427278931,0.7958657127018816
5.457215724369628,0.036846545467631386,0.9710245856223735,0.11465469202434111,0.22011143576679404,0.054699940794319446,2.102269403726196,1.8649077889230945,0.8044672861959072
5.144259610360991,0.05617006399841784,0.5691111841069614,0.2982084946267378,0.2696207700699567,0.017056471081240573,2.0742612198308437,1.9178282855207682,0.7991625840063405
1.4962081772252775,0.056181167023547085,0.5400166604249624,0.3977212451732587,0.08945280524512282,0.03807556060585997,1.9489782889924634,1.8971045324898663,0.8108395018655913
3.847518118141053,0.020243429005289408,0.7458753773056982,0.05663713185292088,0.2800605254532685,0.021573634419501633,2.072204161105523,1.8858523328746712,0.8418394184682595
1.1941014896211846,0.03845479300519383,0.7293970578098071,0.3253138007831698,0.30083144995222005,0.058485602490488835,1.9465386014069652,1.8774791184883755,0.7872002583982607
4.416718539081879,0.021756970526474698,0.696958814375155,0.2368531234563748,0.24618563149828956,0.0193282580240003,2.074676842098758,1.8901658936360186,0.8376446211854159
2.509950733116911,0.05503144223863046,0.3165597823269729,0.43205201354869016,0.29606955421358605,0.006142229502354653,1.9668106940177255,1.915494441054844,0.8418247418273682
1.5388885935639214,0.029232243139664604,0.8824047747902707,0.032499977873268124,0.018750726912433558,0.004737504725135335,1.9938334911098898,1.9088251421900626,0.790556678314822
4.269359732193312,0.04756228321442357,0.48358097862806126,0.17231917674485772,0.1937232716986006,0.04869071929088871,2.059065132206961,1.8992078691006324,0.7716286719428255
3.787617541812325,0.059589145690689266,0.48882849012791507,0.2907719097477979,0.15982543493189272,0.040108627287135434,2.0390781411294934,1.9117787991605397,0.7712572014596932
2.3593753292113684,0.05054973377109526,0.4464724514342105,0.45957160624747434,0.010584710997305872,0.050903918041421095,2.0102552167642433,1.8947507079570718,0.7854133913007605
5.299179300326484,0.05486716600897208,0.5739938202577085,0.007268278904739052,0.0016314428338494763,0.012886986566931314,2.1240642271937715,1.9154005011686115,0.7914455146627821
4.770489570378723,0.04627798657411471,0.3000595534420042,0.3989821336475924,0.1546179974065782,0.020315118027860287,2.0411977245364543,1.9143717827566735,0.8097840463531248
3.5691965800512713,0.021639512918880534,0.9886422111512541,0.40492266365405055,0.25302283043691853,0.02517693252908719,2.04584473062599,1.8869577558366932,0.8418524131292028
1.025079215680169,0.045017254136225884,0.8643912692946933,0.2995084242110952,0.048143692551663946,0.028178049612339284,1.8990354494363242,1.8927518742744627,0.8366505787240912
2.2264772244325775,0.062463412900740034,0.8424321716108687,0.4266714874928741,0.41593717381095313,0.05514124311758189,2.0135897783370176,1.8981998560383586,0.7760094370055661
3.8734925264598976,0.049591860453319946,0.7519391224326344,0.3089929120877976,0.3410873243592567,0.02863077885984558,2.0515052351783276,1.9093439247591615,0.7928609580504876
4.659053801592644,0.054768388824067385,0.6092623199790901,0.22817810813717607,0.008821257427599122,0.0014507476923573638,2.2449140761988913,1.9126511007071458,0.7590956819867443
5.61045997292186,0.023311256285706433,0.37384751068197103,0.38683277532905874,0.156675014309185,0.05122900732047426,2.0710964484725487,1.8450109584388572,0.8838477417931622
1.1239229351471383,0.06162237832514056,0.8005648347593068,0.32719216867234463,0.27025655143855837,0.00226298765252933,1.9330193555928352,1.9145400744424148,0.7504996514431699
2.7869712710443206,0.04686882460279261,0.5210599506342513,0.35681421606069197,0.4518033195790053,0.05299326645391366,2.023981978718463,1.892104663218619,0.7848183250693562
5.826637939507027,0.03548530098852454,0.4575924605368318,0.3421301761185193,0.37790138114937794,0.0483133824199609,2.0850807790836208,1.8695359772581344,0.8132521081676531
3.9916626903993593,0.06262064071803036,0.40517399602695503,0.16672728495267364,0.09356678501795183,0.017622341502423627,2.0546710509883948,1.9159865110329735,0.812715246980707
3.550083689966013,0.020130531433482757,0.8888517728145848,0.42814842267683123,0.31656992039088244,0.05921704672042168,2.035821865349798,1.8472211084617416,0.8731103876231052
5.6784274853476315,0.027524397033012758,0.694753019559234,0.41750274740340987,0.49218024390551024,0.0064874968461517205,2.14399664441505,1.908215620092217,0.8137391445572297
3.046975002163075,0.03608590203872872,0.2540384472151977,0.46652766574324084,0.019735705234828104,0.021056348314204706,2.006910968209001,1.90675565470247,0.8356938272801843
3.018007638616707,0.032547965982146244,0.747594199763654,0.3556681705870928,0.40174142224704357,0.0323765807399078,2.0309310627710504,1.8941378531490827,0.8172601788635013
4.3181960675488416,0.056967096734633973,0.6342409750155136,0.42777877428070943,0.41417160218112004,0.00551429064623126,2.105722113525685,1.9164497165867995,0.8055747925965873
2.7502570548138197,0.040362176887019464,0.46582733041889657,0.3070599572468504,0.07515790537898344,0.036347651825003074,2.019494800890434,1.8972045853687505,0.8071892222854147
5.155664110567666,0.035747214114484824,0.2706735376926998,0.43928511388461433,0.3458894732005933,0.030382974102632142,2.0489377742549073,1.899073156752267,0.8088161731289569
2.569783175262761,0.0333208123885331,0.26605568864145873,0.21953913478596912,0.2394545285476882,0.029403832724040655,2.0037398036632577,1.899282023232104,0.8234294849593118
5.217795024297093,0.05986544877242958,0.9672648504933529,0.4460276906289557,0.06887444252408904,0.024380539961051093,2.078652999670523,1.9189146006489963,0.7801551575855437
3.572794605528826,0.0573724797192941,0.9829182918093966,0.47294242508998213,0.21630957687639216,0.05563846908142541,2.0444124234320182,1.9036937761416237,0.7576609353686503
2.2334124175331054,0.0571489352917777,0.990194897103851,0.05387832485694897,0.44328212145385043,0.04812060202512112,2.026637894558551,1.898469888118529,0.7791929467612557
3.735532060006304,0.03565922019556675,0.3624094508921598,0.15131802231363078,0.208307586656672,0.0035281252994279226,2.1493994113186963,1.9140780103124309,0.8110544272894706
2.3177230877721238,0.06152031815715407,0.5453417421976597,0.10337231942512273,0.3504276820920458,0.014646051750869988,1.9994898126121372,1.9121346980195575,0.8357099689629284
4.927808339583843,0.040994787556700475,0.7012285120674808,0.4788426453419327,0.09536723588093428,0.02121804630535729,2.060669134008938,1.9099444410637232,0.8040889618727305
1.1689803090176336,0.03356639405236679,0.30685210594887213,0.4820861685376184,0.06499161348489528,0.004144580633829012,1.8680380462100306,1.9124785911626443,0.8765331880595593
4.568431789925687,0.058477970461068576,0.7901397439639161,0.10829262362368339,0.0436398262453873,0.05997797486393853,2.0843187986100022,1.9040506498799852,0.7451064637104965
3.832949878662202,0.04389122757143111,0.8504195650455278,0.4339551447139173,0.4558268593758397,0.05429825495040177,2.049067732527522,1.8914141276412753,0.776779824247148
1.185334633032074,0.035878749858170564,0.39615685900788195,0.08645708433807058,0.02743388365893856,0.038238737876470925,1.9213119668446224,1.8859003641080987,0.8097299068173736
5.98721187151199,0.023553368341320685,0.473317209230087,0.03425072863023101,0.194047064276179,0.04559761661448089,2.093220493857445,1.842600767313826,0.8776740634964579
1.3221767285888877,0.02420985503979488,0.5299953829675985,0.40396646182441787,0.06303091420308087,0.04671767271856367,1.9440425403855948,1.8753411584773854,0.8113564772036729
2.9891841856775585,0.06326105999289043,0.3235340784006714,0.14693995874243762,0.19908209389453102,0.005687017767018034,2.0413924106218753,1.9163382519473733,0.8224223562748818
1.7592211289890096,0.040643781877350654,0.34915564529461207,0.4976335842956917,0.07165337910139452,0.010291040396360099,1.91856852833201,1.9092345304453933,0.8603921834219009
5.046887528115028,0.047353922143866516,0.9437420933825639,0.3146584319193225,0.05083385770124498,0.022744760312985553,2.0867624297804226,1.9113047723013041,0.7905853629698568
3.531067628613859,0.05097735610359225,0.4102966801928312,0.2940864599273907,0.4725911919377154,0.050570078720551505,2.0334752648299874,1.9012249648086204,0.7712553495332211
1.9991636336388519,0.05861145890691204,0.5843548907377235,0.33425457519199164,0.4682855870210495,0.05460065423074709,2.0046906871891483,1.8966334000179927,0.7806999250473059
1.4675533594553865,0.029472686331345276,0.9587306482103861,0.15995295055883502,0.2729024709038371,0.020672931997774296,1.9353799108170777,1.896389946365972,0.830166308414126
1.4515255105332483,0.05344169755106826,0.9395889341329802,0.2714650984804735,0.20166978103269909,0.0021436469783576765,2.0218943110812297,1.9131368727211064,0.7317583074501997
5.708017979555919,0.05164838329975063,0.6457514596898133,0.3064258957958772,0.4606231617193657,0.001939347878311651,2.239381843109573,1.9131521762862187,0.7764654764430492
3.7978387950718653,0.057036942854575834,0.3260829578861064,0.25011766573501354,0.3859417617852125,0.011307544661614162,2.041940032700079,1.9159296003399504,0.8342982158479402
5.411390145081418,0.023877127176000594,0.7037736934988211,0.02959689656409243,0.43396434882067164,0.04401517176304227,2.0933788575082706,1.8474107492413976,0.8603622255681928
4.803500967753816,0.052549560023466724,0.42225738854871564,0.2635293773793901,0.43183768135635187,0.0016421637452213554,2.2144888507845457,1.9143352738455914,0.7685219910413223
3.435430039383771,0.04340046734685415,0.35175565674636466,0.3363647874203583,0.07680058469649656,0.02242662037620475,2.024498726650178,1.9084933259114638,0.8220426570169049
2.492525621950469,0.06009525559226703,0.6289589512045537,0.27711086674734337,0.30912787041056083,0.0013088615721405417,2.1440820696613443,1.9131891785577702,0.7401745803767377
4.9590533700390225,0.06190914202639111,0.9382200734176357,0.41225512775037704,0.42836144009058663,0.04566239307803496,2.073731916469014,1.91597248498211,0.7503909021931079
2.539836254967928,0.04781305169728785,0.5244797986901104,0.4484725504809047,0.31256835562547725,0.03117709647706305,2.009091589465053,1.9051342309636576,0.8083632625510564
1.8611000290848354,0.05749912455495933,0.6556523386996654,0.3838694373989183,0.4489475610350773,0.041610853401469666,1.9837161021653402,1.9013278243649876,0.7978667443892599
3.35871130793449,0.05445782718157868,0.8100147408909424,0.24078509831000727,0.20021912669830352,0.01987119037204919,2.0522633314493066,1.9114581464091094,0.8099530942569912
1.1396881800637615,0.05119586485841095,0.9641995594602235,0.37586553608329265,0.18999471105692373,0.011917113896363428,1.883547825452664,1.9062058987831514,0.8552307504065539
3.5255111320470607,0.06082058298710373,0.7926552236682629,0.49328971827329576,0.06914834089860869,0.05015243876651016,2.0364817413997423,1.9082265674678485,0.7582480306153939
3.1307409148144525,0.03154549792583839,0.6518848253992409,0.4190595623515294,0.02060711014574816,0.010955864662287741,2.0446742538863134,1.9100906801338093,0.8405847618547951
4.528245252928979,0.04110308858340779,0.39216928582575133,0.08134519735727914,0.13369413913381079,0.01681237489590207,2.064913379630688,1.911405509061328,0.8117734959450166
2.6489110737756616,0.03830923935968388,0.5047246473214213,0.10570455820657958,0.21213963876084754,0.04519084944201829,2.0261818265254092,1.8891550009404219,0.7990856641427347
1.5591098833010109,0.024794424907252168,0.7248338516537733,0.24791731434977798,0.11151544298450948,0.002481427710211255,2.035303034793996,1.9113290309510476,0.7607856259644629
5.514162123390143,0.05137090598978396,0.502598647476109,0.3582961602153704,0.14801053775495066,0.008486200248720956,2.1118923902032045,1.9160254937812629,0.8226482218445139
2.43559382594169,0.025515915819914185,0.9026292114749126,0.2799769918136816,0.016963939558978444,0.05599067584792384,2.0240852305523105,1.8645639204405489,0.8259977472073612
1.7045399144435383,0.05194534010065388,0.7725094405456756,0.45290347232684736,0.48289385619748265,0.021130477487882618,1.9410599290157762,1.9046713397773571,0.8354211249964193
3.3733629744461093,0.02496618915224652,0.5112191957943873,0.2216132208374211,0.24401981810542214,0.04499754307798896,2.035353196504023,1.8701906756050017,0.8339687122516636
3.453292863446947,0.0629091533942278,0.6689376513772773,0.0715306600242854,0.10696970684251339,0.04040673036482005,2.04953667076061,1.9102859090220747,0.7710865081786649
2.217040972580292,0.03790123253736043,0.8309678865472807,0.38853924673611845,0.26435598404561644,0.049773341061381204,2.013986879966224,1.8865475590323595,0.7964573741776201
1.1595250314380259,0.0450726873593629,0.9719756752355517,0.013096884416174868,0.0560540013126985,0.0518128405830426,1.9459968445340272,1.8826819405898896,0.7900151708673574
4.824236530670561,0.05879593830324367,0.8274322328887235,0.21702381187607941,0.12054521071949643,0.03736177690109961,2.078238015953802,1.9143302270671363,0.7604523385096615
2.1083216891449927,0.04133577409343313,0.4153383157066175,0.2833470708149055,0.4448269375390598,0.0241942838615184,1.97494972707837,1.9047985721812775,0.8250429490711098
4.594143105398233,0.03130382454899566,0.4271606946459945,0.08744921293620699,0.26791094671254984,0.03771271029792491,2.0628706120730675,1.8839887936857054,0.8134655064789587
4.886886925693322,0.03303455862125272,0.8040356796947005,0.03619202641698668,0.43470969549116734,0.057936488618166304,2.088302775585469,1.8581994669219828,0.8160593944382023
5.570320186022403,0.06415022345864196,0.7309404195528532,0.09344957812449091,0.40629291962819764,0.033138098793108854,2.0961486412592114,1.9204660760403047,0.7579028160087659
3.5096680384381678,0.05006543020282722,0.6393122201703353,0.12229577903359673,0.47340133811757207,0.04841662094873897,2.0451747688647814,1.9002338712920044,0.7702987561980729
3.460052587729699,0.04026915940533608,0.425990913309678,0.1527303039379006,0.14780852845369669,0.05078542240016893,2.0382473580630704,1.889725417766347,0.7869365863476406
2.614423630545046,0.05787100090292688,0.8733686292564727,0.4242389515672236,0.05939343086799908,0.00580053380158389,2.037356940377733,1.9150540542573022,0.8104292362699137
2.7290716009561664,0.06452226413017001,0.2722040438854453,0.1684547339007201,0.4975775964830189,0.04060566130805389,2.0144970493117382,1.9065172230652094,0.7923332830080183
4.876136300538219,0.02653328070741477,0.4698606788420453,0.2146728667578078,0.35624031482795043,0.017811557695456073,2.0667302487956802,1.8984036032505758,0.8229793781120562
3.0898870779466057,0.03373304093435174,0.35316249850992015,0.4964045544178732,0.16616062060469802,0.0045702827083373716,2.0298895052844883,1.9149080681069903,0.8448669491319251
1.5087699285400888,0.023194954821000546,0.5058017280948386,0.14956041308655174,0.07063094089579289,0.03785296983079687,1.9558461021214084,1.8816118082230187,0.8211058679853471
2.998783119579925,0.021255509914761293,0.9420347875641638,0.43879946422800825,0.2776413587547943,0.0443151969717082,2.0281234598118654,1.8660508711934705,0.8490014370103988
1.2385810209519819,0.0575435188718109,0.8703913696462687,0.07480825665810363,0.31401511580358116,0.015442295658540838,1.910191481804776,1.904119519797582,0.8515579522436727
2.807777627646707,0.03739129262054424,0.31394419962384856,0.30046774165168394,0.39464343516988365,0.02056870547566001,2.0048849794406594,1.907777068590248,0.8312586542204377
5.201720522497203,0.050806401375759695,0.3591091064882117,0.45047231242224867,0.007987266151678163,0.004912310218894834,2.1182206446138205,1.9167332519039069,0.8167006731999683
1.0677766709813583,0.028972308072086242,0.2786640313868691,0.033803459494630074,0.10332360837477814,0.0028814862975669367,1.878503627873087,1.9127261965934423,0.81527670456428
2.144277958898993,0.05143068755821241,0.8341500907658979,0.41300538720880453,0.416409170779566,0.018296388926141237,1.9751041531706457,1.9095227618792279,0.8304530985459865
2.0470399065136906,0.03263298394040362,0.47691962722829645,0.34559203946616507,0.37504948330266513,0.0446968374921286,1.996411023227619,1.8874121464283975,0.8062524775154818
2.5139037640311885,0.06218392861924822,0.7870246729643122,0.3297574733662406,0.16750642128722443,0.047437766687051006,2.0220731360158894,1.9015844828963302,0.7813373781293544
4.295298400590818,0.05272753367188364,0.7364307200452613,0.471185050461205,0.3498644306518102,0.0333271849701814,2.0476266788839004,1.9122869529910227,0.780638968847874
5.915554594989419,0.046280039847590736,0.6404995434581662,0.20239030375138117,0.055553058541534694,0.0014959277237994511,2.267532740592103,1.911257692321586,0.7601675878910447
4.769345277951967,0.03137442629631592,0.6357782715327618,0.16163684135676623,0.03854955001649766,0.04663028187537414,2.0750195330657535,1.8682601640940695,0.815305793359487
3.255438082164013,0.055490781895861666,0.8409994328726769,0.18795807309108473,0.021477896571805488,0.03802851325559668,2.0453431408744387,1.9058019473846304,0.7812845196907332
3.2477702239239985,0.04651055746172865,0.34216885638332517,0.2422575766641933,0.32079994394076383,0.01293361830896201,2.0269889271633312,1.9138784965717375,0.8317385779920698
1.0915238918309351,0.059007907259802136,0.8123035754621973,0.29556653529277815,0.2229344554184818,0.008909922073075685,1.8769804944182402,1.9089448179924096,0.8647992216061274
5.268468443856569,0.020910952364810474,0.354212052506019,0.390683836006161,0.058919841772898676,0.007659339633548714,2.084939537294244,1.9048321550323468,0.8425539105926384
3.656066311850961,0.03636933281700448,0.6818783473406644,0.13353020999689152,0.2948640558637768,0.0029744792054582246,2.177429445234884,1.9126044513670464,0.7810056578201775
5.80019284422145,0.026596382810974824,0.3299150268595833,0.25702355304735114,0.0008153486803527367,0.014463927021662264,2.0839069943731134,1.8998148228447949,0.8323128186025722
3.869180082178939,0.02785899038031823,0.33658569173669706,0.13115916187650578,0.2370953912127486,0.028786020390011602,2.0392274029939688,1.8921655736321203,0.8272948854513629
4.896090700093164,0.037067879089013794,0.7495891390288074,0.25514085743041814,0.4201272736389194,0.0017462709329732562,2.2190837879614627,1.911283368983652,0.7545862814359404
2.089813437732449,0.04156089235402779,0.8081176499785729,0.3609090596369162,0.19763705842267354,0.0370008897449289,2.000395832273781,1.8978875017331036,0.8041418912181852
3.9871872758532114,0.03477982744987867,0.677063573360893,0.22957841345288685,0.3388206561018606,0.0320479953457633,2.0520189645776443,1.8964926271111042,0.8042454410528905
4.740664178700049,0.06422224130586915,0.8576675876833775,0.13963040940352656,0.4180031608440563,0.022849399436095687,2.0881177339427586,1.917828010571467,0.7817763010782819
2.2527507920904575,0.04204384443671615,0.3311483813505018,0.4631663703007608,0.3686567389729203,0.035163413980325964,1.9916374198617395,1.9006182384400359,0.8107520017213575
4.18923705159095,0.05588308863486394,0.7024060831012198,0.01662143180261195,0.07722876518211479,0.05670842884491738,2.0735964967649405,1.9024828886423113,0.75212075938833
5.5657930744432935,0.03312530449136106,0.812641116164734,0.11085639910848409,0.32839174356821255,0.013210911425805393,2.1332109250181412,1.9045048933694462,0.8037781956330541
3.6860009258810518,0.05112692915209614,0.3195824881454146,0.4680753312094306,0.030758463726652283,0.057174233476108,2.0373558313722517,1.8988804891689424,0.7657784750887701
4.584768083662895,0.047746005074000814,0.7937243154917839,0.13683607545925475,0.22591827856704857,0.02188197008388556,2.0845073392431295,1.9112447036922473,0.792901581241923
5.119538532934962,0.055689646033910314,0.38597777825280805,0.2642836726457996,0.44059821765861046,0.007904404532900387,2.097519884748496,1.9169248805933998,0.8113287646600353
5.858648780080175,0.03901527447209525,0.5630414458101924,0.07823639982395306,0.30631610250298713,0.05237210725199345,2.101182787859585,1.8710817212503208,0.7992153023466411
4.339860501733654,0.02766651730315113,0.7575718956628826,0.4813934365008784,0.11816425769579526,0.02339519376166812,2.0513007983406903,1.896200357712765,0.8256754415121013
3.384064461946699,0.03422234681535847,0.8967553220571931,0.3990801148735268,0.2604764047605269,0.03886903335922311,2.0382823547804576,1.8905332882879515,0.8077505781044149
4.343374292814372,0.03981546467901481,0.8720702633393955,0.15453953685923139,0.16171654450140932,0.03909275518866216,2.068673565224562,1.8952507393208213,0.7864217170689426
3.481472420829163,0.0394689325322712,0.9286941499158083,0.28217145709404734,0.38775403254655755,0.024048449199961394,2.054775261084582,1.9042101654458967,0.8134896873739108
4.6105028446899325,0.02820730386090896,0.748447872741025,0.17014219942819123,0.2956629028591543,0.042847593156877604,2.0714773609249684,1.8676722986630396,0.8254370635885412
3.749903292323764,0.02002753879082716,0.5187066887921324,0.039579849002173366,0.0721158311928023,0.02202467219722393,2.05850656250709,1.8866117581925215,0.8429895482705071
1.4323283268161022,0.05605728320229715,0.2578180235466813,0.18838620604755732,0.22904692217618003,0.015615088591439834,1.9015456032623352,1.9060168204320278,0.858088948198619
5.762043015511014,0.05929049301232685,0.4926196794951309,0.26696869585462263,0.18407108476160683,0.03391703895663871,2.0844855922154615,1.9190762698319874,0.7621986936964313
1.8713701463805026,0.0592056639949371,0.35665712847305836,0.28168631377246794,0.3953353116237903,0.04862892878914769,1.9894894592935723,1.8993181720180616,0.7892162930699274
3.3266492608029363,0.037311794888551686,0.8053366982632455,0.47685873315606375,0.2149155597182528,0.015957967312877738,2.0374211701665064,1.909922829001201,0.8300924303446464
2.3085375835007818,0.04265812983724046,0.43161491613057856,0.2870935677937269,0.24938207916516528,0.016469042233306128,1.981863431511493,1.910201807479693,0.8350262243132105
2.5970734573456262,0.04978152432087364,0.682951410294118,0.012120396266285633,0.23697178014901726,0.034762752803272776,2.0325377577681882,1.9026435012179805,0.7981177487868336
3.185422929502867,0.024252999870685615,0.5762092920293208,0.34390972884854487,0.1442662309212816,0.02812494376432319,2.028242850824578,1.889502704730044,0.8404706803907656
1.1105497280941712,0.04083394905512167,0.7230320088109814,0.18198549755709748,0.4778627636678648,0.012349546079983575,1.880013234400655,1.9044741734876975,0.8611207447229846
2.959418474210187,0.0208062219468326,0.3773700949279159,0.3618256665785935,0.4352493902989603,0.03337151233126085,2.017312006643865,1.8808631480991256,0.8534773462965922
1.832092220105725,0.0352314366359628,0.6069028544872231,0.147752766838975,0.4980712932490622,0.05498081725346313,1.9990848504072116,1.8817947214960398,0.7925950898990081
1.8029601264106256,0.05024206698862406,0.6791096439395603,0.09107316152284053,0.4495896306821477,0.05144078514330092,1.9997219996081157,1.8934204567859059,0.7843096900057158
1.4093281404899276,0.03007570485123187,0.5491982409081864,0.21176996043184326,0.16964765435986062,0.04781657119966604,1.9567055170340484,1.879755156489303,0.8015151834007328
4.425331423560266,0.05033654175109164,0.263154527790274,0.09091845138137673,0.3690467385847508,0.03868481921774194,2.0472888094554205,1.9087401057515372,0.7764379249662956
3.586296963326025,0.05199473818616891,0.7268546623889942,0.47568890938011776,0.48996137006890683,0.011720290223943955,2.0546442048869173,1.9148369209348892,0.8366473422594343
4.715256664670266,0.02413257475108181,0.7445148520893734,0.32440782037720645,0.36013782853455645,0.038969033173375994,2.061641472000832,1.862347058976753,0.843880112901953
5.536371564604181,0.06479504601167542,0.9365704942286079,0.12003985150419504,0.2935669153717547,0.025684487814991337,2.1058703346317977,1.9202171339836411,0.7647804464854958
4.458502385852536,0.026348474618610594,0.3107986364481979,0.1713776709660781,0.30832726291813656,0.029509703119420163,2.0470673826239434,1.8869889211861355,0.8320101997088846
3.218017136096752,0.04214497345778982,0.7084443547188164,0.4868750515212474,0.2814582864797586,0.013129586111603326,2.036564556519494,1.9127125888711591,0.8345790497044688
1.7419924568545269,0.04837783550734964,0.8986001026224054,0.37498453774683455,0.3405774471605726,0.025596844830437154,1.9566820130628237,1.9022214315375574,0.821516050588092
5.332361742602137,0.025369317983164018,0.2875965555472812,0.2045535548199558,0.23591381991549662,0.05817855203434258,2.0694352587418954,1.847279166565225,0.8738161278182004
1.6515886968257512,0.06399307149116493,0.9920162645487697,0.33302246379653483,0.40992656612171385,0.04414801099367537,1.9771728712586931,1.8995438764992612,0.7969590610884066
5.5956061892305,0.02841668214587746,0.6661773574228411,0.31731495442226243,0.18560901986987302,0.03450793069601086,2.0867113590879063,1.8735205947906657,0.8301397776856618
3.776612869975686,0.061218087243403635,0.5507486576830561,0.11713086566385979,0.1799157970734931,0.04909600321075223,2.0496310568235194,1.9090452172358843,0.758030184339808
1.3308693564676453,0.060875272666888525,0.4738925374073083,0.3222893746397528,0.45299228310687006,0.020418580688276157,1.9026087258513016,1.9028789487399886,0.8492683014373666
5.221105251642877,0.021825000793329604,0.44447209065831644,0.4804394038298856,0.4073808213730489,0.03240408947455713,2.0562224396242406,1.8641094419058133,0.8588595874748028
5.324513516334166,0.034323107647383395,0.8428947641737963,0.28000328664574026,0.03665879427026195,0.014981148965939162,2.1101519937415136,1.9059079511379646,0.8096301578029323
4.363689829215732,0.036018660755828075,0.9451912579735617,0.16952993642250344,0.43272128737983734,0.049189357307684256,2.0718734408909185,1.8791172560160472,0.7959151290935371
5.462787116332191,0.029929679978514364,0.5696404658516201,0.24853497097164767,0.1002879251735206,0.04617281982401478,2.083005442412631,1.8596658151877843,0.8310654274509222
1.4234711815391912,0.025478119881207822,0.49630603084901787,0.1821880243659435,0.00586072849431743,0.04042085649121104,1.949570476630536,1.880827272356829,0.8141461145848772
4.6051086281967475,0.04709780912245783,0.9252024259016279,0.2586465963490283,0.4742710159275974,0.05128197981641886,2.0770250595474775,1.8959226150981554,0.7684558218019761
2.470010578574076,0.023397195272925244,0.42881652286398597,0.35761296947327936,0.13493195278570486,0.036720866112596146,2.010027130253571,1.8829562478405482,0.838953848404003
4.86840781631143,0.04891500557207748,0.6901820477071383,0.31184801381512883,0.259395330029425,0.04239902194118756,2.0727965573499225,1.904572649073139,0.7701276906522724
2.4142793666357867,0.056869048047268694,0.8158621734591729,0.13450642334054233,0.24117610163540593,0.035650482551535495,2.023257857640716,1.9048055097470942,0.7982986177421763
4.165950440444509,0.027265426268666015,0.9854594599994455,0.05707225447105762,0.09292944507507611,0.058869097849089405,2.0705911160832353,1.8515791418842074,0.8367505275118403
2.1646600920231482,0.06177420700315117,0.6182847984349807,0.1673691938399694,0.006701947152951524,0.032905217885524966,2.0057164247001777,1.906739956538935,0.8039854444042867
1.5917932910497223,0.03402931575660796,0.6494924842250719,0.04588271712197295,0.2432192055171845,0.03161842482785994,1.9570630449329047,1.8927115601780742,0.813843466234659
2.4039212663500797,0.02149411105370391,0.32127772101330765,0.2918226115059117,0.28718026252248835,0.006398903148155897,1.9798100037952062,1.9105434945988944,0.8520625712016539
3.1039759727839593,0.030288326588337893,0.8180563185828784,0.16587943183274872,0.04484104759998184,0.018211180642514407,2.059447238536832,1.9026726476055165,0.8264469734809866
1.4452247255394148,0.05236907756037888,0.9217782622580871,0.3101070403510907,0.033743143541482105,0.01704796113200038,1.928023835055926,1.9040196533298102,0.8415433509258691
4.476849672713874,0.0287068006078268,0.5659059545526536,0.24476337218935887,0.4426619303408871,0.016392354720105425,2.070282397318129,1.902836738819477,0.822706320644791
4.939326180025899,0.0542838558324739,0.7866177004149972,0.22255926160592343,0.23247297787840143,0.011230113596202223,2.123892488568053,1.9154346617003088,0.800468447649612
4.179711764044043,0.0606003026627773,0.8690723192966283,0.3734993634887886,0.17690338630843017,0.030129147003627912,2.0567535440465634,1.9155990787924384,0.779700188171653
3.713258555857303,0.06380854673439543,0.8550826359417264,0.22447486255853383,0.44546830347887234,0.024729808084114333,2.0599658089781814,1.9134832022202015,0.7962348294671191
2.8152705320769624,0.06482776031708187,0.7335979944436966,0.29725771281843094,0.48052900801313164,0.02452515061424922,2.0251190748928765,1.9122920747681929,0.814703726661114
4.061009448280473,0.04721690289000666,0.4514534554805447,0.4208060446253501,0.040921404930887015,0.009383560281618557,2.0530777228912203,1.9148808954596244,0.8323613061071202
1.5281684099518231,0.05840179423255701,0.3723886231716367,0.37718296437957743,0.32470334461872546,0.03602745255249212,1.942923161476831,1.8988941281950027,0.8153628431899244
2.3457253442122807,0.059075734297388244,0.48543394267841594,0.45846639226079305,0.22629595962151067,0.035518951620353234,2.001937885109382,1.9064636824699976,0.8032520851373931
1.9312746603068713,0.022575688403126248,0.374939552465912,0.46583123000118104,0.400863677879906,0.009067185011278671,1.9278550721834173,1.9080833707108589,0.8556124726583365
4.225699429359333,0.06360140497096961,0.3285750835654001,0.25471871749104125,0.4575112945419321,0.02544475948766474,2.0415610429499416,1.9182254677936084,0.7927829525381734
2.8890947023482707,0.05972858963116444,0.5097576547755807,0.48997927140058095,0.19828453947373273,0.05384018305828505,2.022214431830912,1.9012464266032008,0.7700586979724225
2.7166767597840717,0.05320966141744547,0.2839882994670624,0.449164760651988,0.4059198162715495,0.054345811389518356,2.0153422483067347,1.8963789783939289,0.7769887730985844
3.945699262857666,0.041825498303248776,0.9635723919177228,0.37606463184280586,0.437802045199982,0.026160067602512337,2.0539778934072,1.9061130910534485,0.8012871737342846
1.4847364635489573,0.05453162873843541,0.8954824687007039,0.30920709706811017,0.026121362093540566,0.03202667899127742,1.9472887719683467,1.8982326235223805,0.8159947967984513
5.279815367070843,0.05462556362496018,0.25250647809226623,0.3357317984623734,0.34281113501963756,0.012530833174398265,2.0515588940580223,1.9189111284834879,0.8171485332369204
1.9826900276278985,0.032747677064066345,0.7816196857998248,0.3304486793472894,0.061184017609261766,0.052605360490736844,2.008173947577037,1.8806054405428003,0.8007433094504043
3.391782164111604,0.051540247959673505,0.500425606167151,0.47463714836977977,0.35472428286798374,0.01478144312109865,2.0308974653623695,1.914035812381064,0.8388900797765563
1.9235009272275931,0.049625443412209425,0.5383383877731043,0.3786938174931964,0.037546058757650214,0.006275249086710053,1.961495387436009,1.9127429959275584,0.842955878710973
2.48633261746635,0.06495955155313134,0.9790161730161563,0.3199192754041565,0.15859130579105096,0.027913931599769706,2.0220927838651974,1.909907238224903,0.8075922666158019
2.524216037513594,0.05560770504945653,0.493364531283762,0.48701892510195277,0.23424991571656856,0.04172046927839361,2.0114787242613748,1.9024202641056056,0.794204618573418
2.5743588366968426,0.060472913403890646,0.8842975135457188,0.01105737612905747,0.09080566205501445,0.015184135792924665,2.0432870867918367,1.9127819108106403,0.812522087734233
3.674061143924049,0.030223388238281308,0.7640393813096594,0.3499837402898702,0.3300942048969392,0.0058895642587090975,2.101131926002166,1.91215308847895,0.8020885220822878
3.1723159057489223,0.04001065576783852,0.29216191815919595,0.49189664720894216,0.27430777732741995,0.05578699686865915,2.023763171243193,1.886752596803194,0.789632118102074
2.2052912968842797,0.06309263568904958,0.558339777253625,0.4569807981908782,0.4592809344183215,0.05952949148967335,2.011025408715701,1.89668700110856,0.7733153759876571
5.781504241403852,0.04434543823499766,0.4334289793075975,0.04767907683205233,0.04265501022911689,0.04319885542432024,2.0971716350236336,1.8953101699484352,0.7819492117864333
2.3622096937931394,0.02707813505888735,0.46809649969162687,0.17920604525699357,0.18106982947094355,0.012717540056962316,1.9954027377447323,1.9070511189014934,0.8396131202253311
1.7346192577120982,0.02676659254422638,0.456415179604399,0.38953329613140064,0.19114492789533089,0.03261716201630166,1.9596172782568104,1.8902444099654414,0.8231001566994947
3.2916232296420835,0.0397296856392763,0.7105434675142697,0.4577108485595975,0.12440810403227232,0.029804572366849063,2.029393418669746,1.9020778369055713,0.8104045378394623
5.869769123679596,0.041885910657056255,0.3657764589150546,0.10134935084052552,0.40342176925819206,0.03451708153442509,2.0861534636451506,1.9002943365322669,0.7912235913105332
2.9660468408068046,0.021584804239873155,0.30945457373790375,0.12449626886324466,0.20229524085735817,0.013692154981626285,2.014982733667493,1.9040064786535669,0.8489697861436346
3.605668644386015,0.037533057820366755,0.33917570164650596,0.43178672956851527,0.12837780058881654,0.023068378513060324,2.024580364154214,1.9063888920242527,0.822965545134014
4.1155452742933285,0.042936297875721424,0.7090111741913898,0.36560989157531715,0.04650018542615722,0.003138923858236226,2.1879642255970166,1.9138706645973587,0.7895482026837226
4.022915774073839,0.05991811936351721,0.677705579056813,0.32175157845914837,0.13781830800879025,0.0229890730749932,2.0527288389684264,1.9153579604544182,0.7982475652255109
5.896179249068778,0.06135186374223256,0.5848731145068771,0.03152792125081927,0.4950602262856564,0.059746646445188296,2.110653446450531,1.9090507395391063,0.7401086793231192
1.2216099053176719,0.021908993659622334,0.9473229424135962,0.05544876159020038,0.27521605085263234,0.042015053581275996,1.9383740727917076,1.8745069165069557,0.8099221998065935
4.9151479587062905,0.04351290560194708,0.4782076656341458,0.06860639598830992,0.3481628834873495,0.04574414460067419,2.077340652792941,1.8951976592102302,0.7805262399251592
2.138813771061645,0.039649804591036605,0.6927643374940026,0.18416295587800205,0.327581844772877,0.0407405689830338,2.00791580290359,1.894474754512239,0.7991372937659045
3.2682920825763215,0.02271326759169269,0.4369997156171822,0.4361941822168935,0.05439176573243733,0.029294360328995576,2.0219428562996176,1.886715365901009,0.8451857320230675
3.815803056785576,0.05529739239218351,0.7406948175953812,0.4076472342969829,0.28821952717133864,0.04595124426729545,2.0440959763925437,1.90747500296056,0.7654287710447362
1.354712341253522,0.05661754326322742,0.9145563139894002,0.2523016296430103,0.0026455041934615275,0.009618556229629649,1.9280498432651605,1.9084115384013403,0.844712630121008
1.8889980694263584,0.036519574559518306,0.5540371502235657,0.243007568949519,0.05191153502363686,0.056161743585600526,2.0042111084351433,1.8817719917920583,0.7907609517541104
1.9777716536005752,0.027587407606522285,0.717294035353442,0.20614706318913728,0.29928388024200336,0.007282168428465147,1.9867289202401448,1.909389017358099,0.8307029247570877
2.546852847132217,0.04383593156990517,0.687420525456092,0.09596255706677938,0.16275652106589772,0.021695513928548665,2.0234569699391813,1.9074136214597663,0.8187778276529053
2.6279818434169484,0.025306520354098323,0.8371549384239038,0.25921949168837516,0.4628108533646273,0.053283069959988084,2.0280001648948023,1.8660088871381488,0.8283180379781031
5.1365826986472145,0.05514226734529423,0.8070505261638172,0.20545158727943585,0.40241743543657316,0.058335791843623565,2.091739487731191,1.9012915136477115,0.7538021819417063
1.1749971871512823,0.04819251465346121,0.38178779435536875,0.3160712729339391,0.02493655527915427,0.039847960947060536,1.9192654722825466,1.8898281643167412,0.8106998430761128
5.696130440057209,0.039953571974258764,0.899725693324328,0.12617909953425138,0.17039297542744047,0.005321015866437332,2.2112902883258614,1.9110808047573467,0.7780144274520763
5.922103957464794,0.02313643827213693,0.6139000360828759,0.40857872717163846,0.15584098037663777,0.036470417208383094,2.0823097989815995,1.8509761847526067,0.864858700657256
4.156323602860823,0.04239709509672039,0.800277583241702,0.22303448165581252,0.20993124316248904,0.03579538222809081,2.060462740458577,1.9011161441400244,0.7863154814993224
1.5603321853469598,0.056724470596471205,0.8239968857934996,0.09989721060180244,0.47639133974048614,0.003072304528330151,2.013624943922033,1.9129434590875054,0.7489083936604582
3.850479429665152,0.024668449816496747,0.4903326747870633,0.19597516552027108,0.22179234705095785,0.007808537621608536,2.094282013842211,1.9080012080060975,0.8350371073500461
